batter,matches_played,runs,balls,dismissals,fours,sixes,strike_rate,average
A Ashish Reddy,23,280,196,15,16,15,142.85714285714286,18.666666666666668
A Badoni,56,1178,885,46,96,47,133.10734463276836,25.608695652173914
A Chandila,2,4,7,1,0,0,57.14285714285714,4.0
A Chopra,6,53,75,5,7,0,70.66666666666667,10.6
A Choudhary,3,25,20,2,1,1,125.0,12.5
A Dananjaya,1,4,5,0,0,0,80.0,inf
A Flintoff,3,62,57,2,5,2,108.77192982456141,31.0
A Kamboj,10,74,55,3,5,4,134.54545454545453,24.666666666666668
A Kumble,15,35,49,2,3,0,71.42857142857143,17.5
A Manohar,20,292,243,19,23,14,120.16460905349795,15.368421052631579
A Mhatre,13,441,250,12,51,23,176.4,36.75
A Mishra,55,381,440,31,31,5,86.5909090909091,12.290322580645162
A Mithun,6,34,26,5,4,1,130.76923076923077,6.8
A Mukund,2,19,23,2,1,0,82.6086956521739,9.5
A Nehra,17,41,63,8,3,1,65.07936507936508,5.125
A Nortje,14,49,52,6,6,0,94.23076923076923,8.166666666666666
A Raghuvanshi,30,885,628,25,86,35,140.9235668789809,35.4
A Singh,5,2,10,4,0,0,20.0,0.5
A Symonds,36,974,781,26,74,41,124.71190781049937,37.46153846153846
A Tomar,1,4,8,1,1,0,50.0,4.0
A Uniyal,2,4,7,1,0,0,57.14285714285714,4.0
A Zampa,5,15,25,5,1,0,60.0,3.0
AA Bilakhia,7,69,88,5,5,0,78.4090909090909,13.8
AA Chavan,3,12,11,1,2,0,109.09090909090908,12.0
AA Jhunjhunwala,15,217,218,14,19,5,99.54128440366972,15.5
AA Kulkarni,4,26,33,4,3,0,78.78787878787878,6.5
AA Noffke,1,9,12,1,1,0,75.0,9.0
AB Agarkar,18,179,160,8,13,5,111.87499999999999,22.375
AB Barath,3,42,43,2,5,1,97.67441860465115,21.0
AB Dinda,16,26,50,9,2,0,52.0,2.888888888888889
AB McDonald,9,123,103,5,9,4,119.41747572815532,24.6
AB de Villiers,170,5181,3487,125,414,253,148.58044164037855,41.448
AC Blizzard,7,120,91,7,21,2,131.86813186813185,17.142857142857142
AC Gilchrist,80,2069,1555,76,239,92,133.05466237942122,27.223684210526315
AC Thomas,4,20,19,2,1,1,105.26315789473684,10.0
AC Voges,7,181,143,6,15,3,126.57342657342659,30.166666666666668
AD Hales,6,148,119,6,13,6,124.36974789915966,24.666666666666668
AD Mascarenhas,11,79,79,10,5,1,100.0,7.9
AD Mathews,41,724,599,31,44,29,120.86811352253757,23.35483870967742
AD Nath,10,90,99,10,7,2,90.9090909090909,9.0
AD Russell,114,2655,1626,92,187,223,163.28413284132841,28.858695652173914
AF Milne,7,25,33,5,0,1,75.75757575757575,5.0
AG Murtaza,3,10,14,1,1,0,71.42857142857143,10.0
AG Paunikar,5,49,61,5,9,0,80.32786885245902,9.8
AJ Finch,90,2092,1696,84,214,78,123.34905660377358,24.904761904761905
AJ Hosein,3,21,14,0,1,1,150.0,inf
AJ Turner,6,24,31,5,0,2,77.41935483870968,4.8
AJ Tye,13,91,79,8,6,5,115.18987341772151,11.375
AK Markram,66,1671,1264,55,131,68,132.1993670886076,30.381818181818183
AL Menaria,23,401,367,22,24,18,109.26430517711172,18.227272727272727
AM Ghazanfar,1,2,3,0,0,0,66.66666666666666,inf
AM Nayar,50,672,588,39,55,20,114.28571428571428,17.23076923076923
AM Rahane,197,5367,4391,179,540,141,122.22728307902528,29.98324022346369
AN Ahmed,6,36,27,1,4,1,133.33333333333331,36.0
AN Ghosh,2,7,8,2,1,0,87.5,3.5
AP Dole,2,34,23,2,3,1,147.82608695652172,17.0
AP Majumdar,4,87,77,4,7,2,112.98701298701299,21.75
AP Tare,27,339,285,24,40,11,118.94736842105263,14.125
AR Bawne,1,12,12,0,1,0,100.0,inf
AR Patel,134,2089,1635,99,146,100,127.76758409785933,21.1010101010101
AS Joseph,5,27,32,1,3,0,84.375,27.0
AS Rajpoot,7,26,41,4,2,1,63.41463414634146,6.5
AS Raut,16,194,172,11,13,7,112.79069767441861,17.636363636363637
AS Roy,14,78,66,9,6,2,118.18181818181819,8.666666666666666
AS Yadav,6,49,40,7,5,2,122.50000000000001,7.0
AT Carey,3,32,29,2,0,1,110.34482758620689,16.0
AT Rayudu,185,4348,3490,152,359,173,124.58452722063038,28.605263157894736
AU Rashid,2,22,17,2,2,1,129.41176470588235,11.0
AUK Pathan,7,39,26,5,5,2,150.0,7.8
Abdul Basith,1,1,1,0,0,0,100.0,inf
Abdul Samad,58,859,598,47,55,55,143.6454849498328,18.27659574468085
Abdur Razzak,1,0,2,0,0,0,0.0,
Abhishek Sharma,89,2379,1471,82,224,144,161.72671651937458,29.01219512195122
Abishek Porel,33,769,548,33,80,28,140.32846715328466,23.303030303030305
Akash Deep,5,25,14,3,2,2,178.57142857142858,8.333333333333334
Akash Madhwal,2,8,14,0,0,0,57.14285714285714,inf
Akshat Raghuwanshi,2,29,27,3,1,1,107.40740740740742,9.666666666666666
Aman Hakim Khan,10,115,109,9,8,6,105.50458715596329,12.777777777777779
Aniket Verma,20,315,205,15,18,25,153.65853658536585,21.0
Anirudh Singh,4,63,69,4,6,1,91.30434782608695,15.75
Ankit Sharma,10,87,69,7,7,4,126.08695652173914,12.428571428571429
Ankit Soni,3,7,9,2,0,1,77.77777777777779,3.5
Anmolpreet Singh,9,139,117,9,19,3,118.80341880341881,15.444444444444445
Anuj Rawat,21,318,276,14,26,14,115.21739130434783,22.714285714285715
Anureet Singh,8,36,47,4,2,1,76.59574468085107,9.0
Arjun Tendulkar,2,18,14,1,0,1,128.57142857142858,18.0
Arshad Khan,12,142,102,7,6,11,139.2156862745098,20.285714285714285
Arshad Khan (2),1,5,4,1,1,0,125.0,5.0
Arshdeep Singh,14,32,49,6,4,0,65.3061224489796,5.333333333333333
Ashok Sharma,2,1,5,0,0,0,20.0,inf
Ashutosh Sharma,26,564,356,20,39,40,158.42696629213484,28.2
Ashwani Kumar,1,1,6,0,0,0,16.666666666666664,inf
Atharva Taide,10,260,188,9,30,8,138.29787234042556,28.88888888888889
Auqib Nabi,2,14,4,1,2,1,350.0,14.0
Avesh Khan,16,68,46,3,7,4,147.82608695652172,22.666666666666668
Azhar Mahmood,21,388,311,19,39,13,124.7588424437299,20.42105263157895
Azmatullah Omarzai,11,151,105,10,11,10,143.8095238095238,15.1
B Akhil,11,76,57,7,5,5,133.33333333333331,10.857142857142858
B Chipli,21,280,256,16,28,7,109.375,17.5
B Indrajith,3,21,31,3,2,0,67.74193548387096,7.0
B Kumar,75,354,392,37,34,4,90.3061224489796,9.567567567567568
B Laughlin,4,5,13,2,0,0,38.46153846153847,2.5
B Lee,19,124,102,10,8,8,121.56862745098039,12.4
B Sai Sudharsan,57,2515,1760,51,258,83,142.89772727272728,49.31372549019608
B Stanlake,1,5,2,0,1,0,250.0,inf
B Sumanth,4,35,38,1,3,0,92.10526315789474,35.0
BA Bhatt,2,6,7,0,0,1,85.71428571428571,inf
BA Stokes,43,935,718,41,81,32,130.22284122562675,22.804878048780488
BAW Mendis,3,3,6,2,0,0,50.0,1.5
BB McCullum,109,2882,2272,106,293,130,126.84859154929578,27.18867924528302
BB Samantray,8,125,116,5,13,2,107.75862068965519,25.0
BB Sran,7,10,14,1,0,0,71.42857142857143,10.0
BCJ Cutting,17,238,146,11,15,19,163.013698630137,21.636363636363637
BE Hendricks,2,1,3,1,0,0,33.33333333333333,1.0
BJ Haddin,1,18,11,1,2,1,163.63636363636365,18.0
BJ Hodge,63,1400,1153,46,122,43,121.42237640936686,30.434782608695652
BJ Rohrer,8,193,146,7,21,5,132.1917808219178,27.571428571428573
BKG Mendis,1,20,11,1,1,2,181.8181818181818,20.0
BMAJ Mendis,3,23,27,3,0,0,85.18518518518519,7.666666666666667
BR Dunk,3,40,36,3,7,0,111.11111111111111,13.333333333333334
BR Sharath,1,2,5,1,0,0,40.0,2.0
Basil Thampi,7,32,37,2,1,1,86.48648648648648,16.0
Bipul Sharma,17,187,124,6,11,9,150.80645161290323,31.166666666666668
Brijesh Sharma,2,2,4,0,0,0,50.0,inf
C Bosch,6,97,63,3,8,5,153.96825396825398,32.333333333333336
C Connolly,13,491,316,11,43,32,155.37974683544306,44.63636363636363
C Green,42,1029,702,29,84,49,146.58119658119656,35.48275862068966
C Madan,1,15,21,1,3,0,71.42857142857143,15.0
C Munro,11,177,144,9,19,8,122.91666666666667,19.666666666666668
C Nanda,1,0,1,1,0,0,0.0,0.0
C Sakariya,7,20,31,5,3,0,64.51612903225806,4.0
C de Grandhomme,21,303,229,15,18,18,132.31441048034935,20.2
CA Ingram,15,205,183,12,22,5,112.02185792349727,17.083333333333332
CA Lynn,42,1329,974,39,132,66,136.4476386036961,34.07692307692308
CA Pujara,22,390,403,18,50,4,96.7741935483871,21.666666666666668
CH Gayle,141,4997,3516,128,408,359,142.1217292377702,39.0390625
CH Morris,49,618,413,29,41,35,149.636803874092,21.310344827586206
CJ Anderson,29,538,436,22,40,31,123.39449541284404,24.454545454545453
CJ Ferguson,8,98,119,6,9,0,82.35294117647058,16.333333333333332
CJ Jordan,12,81,81,9,3,3,100.0,9.0
CJ McKay,1,8,15,1,0,0,53.333333333333336,8.0
CK Kapugedera,3,16,24,3,0,0,66.66666666666666,5.333333333333333
CK Langeveldt,2,8,9,2,0,1,88.88888888888889,4.0
CL White,45,971,774,35,76,38,125.45219638242895,27.742857142857144
CM Gautam,13,169,158,9,17,6,106.9620253164557,18.77777777777778
CR Brathwaite,14,181,120,14,10,16,150.83333333333334,12.928571428571429
CR Woakes,12,78,77,5,7,2,101.29870129870129,15.6
CRD Fernando,2,4,3,1,0,0,133.33333333333331,4.0
CV Varun,13,31,56,4,3,0,55.35714285714286,7.75
D Brevis,24,606,432,24,38,43,140.27777777777777,25.25
D Ferreira,16,326,195,12,26,23,167.17948717948718,27.166666666666668
D Kalyankrishna,1,3,8,1,0,0,37.5,3.0
D Padikkal,89,2270,1779,86,241,80,127.59977515458122,26.3953488372093
D Pretorius,5,44,28,4,3,3,157.14285714285714,11.0
D Salunkhe,3,33,24,1,5,0,137.5,33.0
D Wiese,11,148,105,6,12,7,140.95238095238096,24.666666666666668
D du Preez,1,10,13,1,0,0,76.92307692307693,10.0
DA Miller,143,3288,2441,96,235,152,134.69889389594428,34.25
DA Payne,1,6,5,0,0,0,120.0,inf
DA Warner,184,6567,4849,164,663,236,135.4299855640338,40.042682926829265
DAJ Bracewell,1,12,9,0,1,0,133.33333333333331,inf
DB Das,22,304,267,12,23,16,113.85767790262172,25.333333333333332
DB Ravi Teja,25,375,325,20,35,9,115.38461538461537,18.75
DE Bollinger,4,21,23,1,1,1,91.30434782608695,21.0
DG Nalkande,2,12,12,2,0,1,100.0,6.0
DH Yagnik,17,170,142,9,23,2,119.71830985915493,18.88888888888889
DJ Bravo,110,1560,1247,69,120,66,125.10024057738573,22.608695652173914
DJ Harris,4,111,103,3,11,5,107.76699029126213,37.0
DJ Hooda,101,1497,1213,82,98,62,123.41302555647155,18.25609756097561
DJ Hussey,61,1322,1101,49,90,60,120.07266121707538,26.979591836734695
DJ Jacobs,7,92,101,7,10,4,91.0891089108911,13.142857142857142
DJ Malan,1,26,26,1,1,1,100.0,26.0
DJ Mitchell,15,351,274,13,28,10,128.1021897810219,27.0
DJ Muthuswami,1,1,3,1,0,0,33.33333333333333,1.0
DJ Thornely,4,39,54,3,2,2,72.22222222222221,13.0
DJ Willey,5,53,64,3,7,0,82.8125,17.666666666666668
DJG Sammy,20,295,251,15,15,18,117.52988047808766,19.666666666666668
DJM Short,7,115,102,7,11,5,112.74509803921569,16.428571428571427
DL Chahar,20,142,105,10,8,9,135.23809523809524,14.2
DL Vettori,16,121,118,7,11,2,102.54237288135593,17.285714285714285
DM Bravo,1,6,5,0,1,0,120.0,inf
DNT Zoysa,2,11,9,1,1,0,122.22222222222223,11.0
DP Conway,28,1080,794,25,117,34,136.02015113350126,43.2
DP Nannes,2,4,13,1,0,0,30.76923076923077,4.0
DP Vijaykumar,1,1,1,0,0,0,100.0,inf
DPMD Jayawardene,78,1808,1522,64,200,40,118.7910643889619,28.25
DR Martyn,1,19,26,2,1,0,73.07692307692307,9.5
DR Sams,13,44,48,10,1,3,91.66666666666666,4.4
DR Shorey,2,13,20,2,0,1,65.0,6.5
DR Smith,88,2385,1803,81,245,117,132.27953410981698,29.444444444444443
DS Kulkarni,20,104,113,9,7,2,92.03539823008849,11.555555555555555
DS Lehmann,2,18,19,2,3,0,94.73684210526315,9.0
DS Rathi,3,3,9,1,0,0,33.33333333333333,3.0
DT Christian,41,460,408,28,23,19,112.74509803921569,16.428571428571427
DT Patil,2,13,13,1,1,0,100.0,13.0
DV Malewar,2,2,5,2,0,0,40.0,1.0
DW Steyn,33,167,163,22,14,3,102.45398773006136,7.590909090909091
Dhruv Jurel,51,1195,801,38,98,62,149.1885143570537,31.44736842105263
E Lewis,26,654,499,24,62,36,131.06212424849699,27.25
E Malinga,3,7,18,1,0,0,38.88888888888889,7.0
EJG Morgan,74,1406,1181,61,112,64,119.05165114309906,23.049180327868854
ER Dwivedi,2,24,15,2,2,2,160.0,12.0
F Behardien,3,14,13,2,2,0,107.6923076923077,7.0
F du Plessis,147,4773,3605,135,440,174,132.39944521497918,35.355555555555554
FA Allen,3,14,19,2,1,0,73.68421052631578,7.0
FH Allen,11,349,168,11,33,28,207.73809523809524,31.727272727272727
FH Edwards,2,4,5,1,0,0,80.0,4.0
FY Fazal,11,183,179,9,22,1,102.23463687150837,20.333333333333332
Fazalhaq Farooqi,3,5,15,0,0,0,33.33333333333333,inf
G Coetzee,7,31,33,6,2,2,93.93939393939394,5.166666666666667
G Gambhir,151,4217,3524,135,492,59,119.66515323496027,31.237037037037037
GB Hogg,4,22,22,2,1,0,100.0,11.0
GC Smith,29,739,691,30,94,9,106.9464544138929,24.633333333333333
GC Viljoen,3,3,7,2,0,0,42.857142857142854,1.5
GD McGrath,2,4,5,1,1,0,80.0,4.0
GD Phillips,13,132,112,11,7,8,117.85714285714286,12.0
GF Linde,3,31,21,3,6,0,147.61904761904762,10.333333333333334
GH Vihari,23,284,331,20,23,1,85.80060422960725,14.2
GHS Garton,2,2,4,1,0,0,50.0,2.0
GJ Bailey,36,663,552,29,59,19,120.1086956521739,22.862068965517242
GJ Maxwell,134,2820,1896,117,238,161,148.73417721518987,24.102564102564102
GR Napier,1,15,16,1,1,0,93.75,15.0
Gulbadin Naib,1,19,15,1,1,1,126.66666666666666,19.0
Gurkeerat Singh,32,511,436,27,55,11,117.20183486238531,18.925925925925927
H Das,1,2,5,1,0,0,40.0,2.0
H Klaasen,60,2104,1320,49,146,120,159.3939393939394,42.93877551020408
HC Brook,11,190,159,9,23,4,119.49685534591194,21.11111111111111
HE van der Dussen,3,22,25,2,2,0,88.0,11.0
HF Gurney,1,1,5,0,0,0,20.0,inf
HH Gibbs,36,886,837,32,83,31,105.8542413381123,27.6875
HH Pandya,150,2964,2116,108,228,157,140.0756143667297,27.444444444444443
HM Amla,16,577,418,13,60,21,138.03827751196172,44.38461538461539
HR Shokeen,5,66,67,3,9,0,98.50746268656717,22.0
HV Patel,44,280,250,30,18,15,112.00000000000001,9.333333333333334
Harbhajan Singh,88,833,636,56,79,42,130.9748427672956,14.875
Harmeet Singh,4,18,12,2,3,0,150.0,9.0
Harpreet Brar,27,249,217,13,20,10,114.74654377880185,19.153846153846153
Harpreet Singh,8,123,119,6,10,3,103.36134453781514,20.5
Harsh Dubey,4,13,11,2,2,0,118.18181818181819,6.5
Harshit Rana,10,59,57,7,5,3,103.50877192982458,8.428571428571429
Himmat Singh,5,92,74,3,5,5,124.32432432432432,30.666666666666668
I Malhotra,1,7,4,0,1,0,175.0,inf
I Sharma,21,57,71,7,4,2,80.28169014084507,8.142857142857142
I Udana,4,15,11,3,1,1,136.36363636363635,5.0
IC Pandey,1,0,2,1,0,0,0.0,0.0
IK Pathan,82,1150,985,53,88,38,116.75126903553299,21.69811320754717
IR Jaggi,7,76,100,5,6,0,76.0,15.2
IS Sodhi,2,7,18,2,0,0,38.88888888888889,3.5
Imran Tahir,8,33,37,4,5,0,89.1891891891892,8.25
Iqbal Abdulla,13,88,86,1,9,1,102.32558139534885,88.0
Ishan Kishan,127,3600,2579,115,348,166,139.58898797983716,31.304347826086957
J Arunkumar,3,23,24,3,5,0,95.83333333333334,7.666666666666667
J Botha,28,409,364,22,39,5,112.36263736263736,18.59090909090909
J Fraser-McGurk,15,385,203,14,39,30,189.6551724137931,27.5
J Overton,8,151,98,5,14,7,154.08163265306123,30.2
J Suchith,9,70,62,4,6,3,112.90322580645163,17.5
J Syed Mohammad,5,29,27,2,4,0,107.40740740740742,14.5
J Theron,4,10,13,2,1,0,76.92307692307693,5.0
J Yadav,4,40,38,2,2,1,105.26315789473684,20.0
JA Morkel,67,975,712,40,61,55,136.93820224719101,24.375
JA Richardson,3,17,27,3,2,0,62.96296296296296,5.666666666666667
JC Archer,40,326,232,24,18,22,140.51724137931035,13.583333333333334
JC Buttler,136,4647,3208,120,459,211,144.856608478803,38.725
JD Ryder,29,604,466,29,69,19,129.6137339055794,20.82758620689655
JD Unadkat,28,201,173,14,16,7,116.18497109826589,14.357142857142858
JDP Oram,11,106,110,8,6,5,96.36363636363636,13.25
JDS Neesham,10,92,93,8,6,2,98.9247311827957,11.5
JE Root,1,10,15,1,1,0,66.66666666666666,10.0
JE Taylor,2,3,4,0,0,0,75.0,inf
JEC Franklin,16,327,309,11,25,9,105.8252427184466,29.727272727272727
JG Bethell,9,163,120,9,21,6,135.83333333333334,18.11111111111111
JH Kallis,95,2427,2291,89,255,44,105.93627237014405,27.269662921348313
JJ Bumrah,29,75,89,9,6,1,84.26966292134831,8.333333333333334
JJ Roy,21,614,460,19,75,21,133.47826086956522,32.31578947368421
JJ van der Wath,3,18,17,2,1,1,105.88235294117648,9.0
JL Denly,1,0,1,1,0,0,0.0,0.0
JL Pattinson,2,15,13,1,2,0,115.38461538461537,15.0
JM Bairstow,52,1674,1181,50,173,74,141.7442845046571,33.48
JM Kemp,2,26,25,2,1,1,104.0,13.0
JM Sharma,59,1107,752,48,86,68,147.20744680851064,23.0625
JO Holder,34,324,272,26,16,21,119.11764705882352,12.461538461538462
JP Behrendorff,2,6,9,0,0,0,66.66666666666666,inf
JP Duminy,75,2029,1680,49,126,79,120.77380952380952,41.40816326530612
JP Faulkner,45,527,406,28,36,23,129.80295566502463,18.821428571428573
JP Inglis,16,544,328,15,58,28,165.85365853658536,36.266666666666666
JPR Scantlebury-Searles,2,8,6,1,0,1,133.33333333333331,8.0
JR Hazlewood,8,19,31,1,1,0,61.29032258064516,19.0
JR Hopes,19,417,314,17,49,11,132.80254777070064,24.529411764705884
JR Philippe,5,78,80,4,9,1,97.5,19.5
Jaskaran Singh,4,8,11,2,0,0,72.72727272727273,4.0
Joginder Sharma,5,36,30,4,1,2,120.0,9.0
K Goel,16,218,239,14,17,9,91.21338912133892,15.571428571428571
K Gowtham,27,247,159,18,15,17,155.34591194968556,13.722222222222221
K Kartikeya,4,12,18,3,1,0,66.66666666666666,4.0
K Rabada,34,262,256,20,21,11,102.34375,13.1
K Upadhyay,2,12,9,0,0,1,133.33333333333331,inf
K Yadav,1,0,4,0,0,0,0.0,
KA Jamieson,10,77,74,4,6,4,104.05405405405406,19.25
KA Maharaj,1,1,2,1,0,0,50.0,1.0
KA Pollard,168,3437,2447,129,221,224,140.45770331017573,26.643410852713178
KAJ Roach,1,10,9,1,1,0,111.11111111111111,10.0
KB Arun Karthik,8,51,53,5,4,1,96.22641509433963,10.2
KC Cariappa,5,24,21,3,0,2,114.28571428571428,8.0
KC Sangakkara,68,1687,1424,69,195,27,118.4691011235955,24.44927536231884
KD Karthik,233,4843,3687,189,466,161,131.35340385136968,25.624338624338623
KH Pandya,123,1982,1539,86,173,76,128.78492527615336,23.046511627906977
KJ Abbott,3,13,8,1,0,1,162.5,13.0
KK Ahmed,6,2,9,5,0,0,22.22222222222222,0.4
KK Cooper,12,116,70,9,9,8,165.71428571428572,12.88888888888889
KK Nair,78,1712,1332,74,188,49,128.5285285285285,23.135135135135137
KL Nagarkoti,7,22,34,4,1,0,64.70588235294117,5.5
KL Rahul,149,5828,4302,129,509,239,135.47187354718736,45.17829457364341
KM Asif,1,0,2,1,0,0,0.0,0.0
KM Jadhav,81,1208,1012,54,102,40,119.36758893280633,22.37037037037037
KMA Paul,5,18,26,4,1,1,69.23076923076923,4.5
KMDN Kulasekara,1,5,3,0,1,0,166.66666666666669,inf
KP Appanna,3,2,4,1,0,0,50.0,2.0
KP Pietersen,36,1001,758,29,91,40,132.05804749340368,34.51724137931034
KR Mayers,13,379,276,13,38,22,137.31884057971016,29.153846153846153
KR Sen,1,0,3,0,0,0,0.0,
KS Bharat,8,199,168,7,12,8,118.45238095238095,28.428571428571427
KS Rathore,1,0,5,1,0,0,0.0,0.0
KS Sharma,3,16,25,3,1,0,64.0,5.333333333333333
KS Williamson,76,2132,1734,59,187,64,122.95271049596307,36.13559322033898
KT Maphaka,1,8,3,0,2,0,266.66666666666663,inf
KV Sharma,40,352,307,25,20,17,114.65798045602607,14.08
KW Richardson,4,36,39,3,2,1,92.3076923076923,12.0
Kamran Akmal,6,128,78,4,13,8,164.1025641025641,32.0
Kamran Khan,1,3,5,1,0,0,60.0,3.0
Karanveer Singh,4,12,17,1,1,0,70.58823529411765,12.0
Kartik Sharma,11,295,220,9,24,16,134.0909090909091,32.77777777777778
Kartik Tyagi,9,24,26,7,2,1,92.3076923076923,3.4285714285714284
Krish Bhagat,2,10,21,1,0,0,47.61904761904761,10.0
Kuldeep Yadav,41,210,263,15,18,3,79.84790874524715,14.0
Kumar Kushagra,4,21,21,4,3,0,100.0,5.25
L Ablish,1,0,2,0,0,0,0.0,
L Balaji,13,36,50,7,2,1,72.0,5.142857142857143
L Ngidi,4,4,9,2,0,0,44.44444444444444,2.0
L Ronchi,5,34,37,3,6,1,91.8918918918919,11.333333333333334
L Wood,1,9,3,0,0,1,300.0,inf
LA Carseldine,5,81,71,3,11,0,114.08450704225352,27.0
LA Pomersbach,16,302,251,11,25,13,120.3187250996016,27.454545454545453
LB Williams,1,1,2,0,0,0,50.0,inf
LE Plunkett,2,1,3,1,0,0,33.33333333333333,1.0
LG Pretorius,2,7,8,1,0,0,87.5,7.0
LH Ferguson,8,72,49,4,7,2,146.9387755102041,18.0
LJ Wright,5,106,63,4,16,3,168.25396825396825,26.5
LMP Simmons,29,1079,878,27,109,44,122.89293849658314,39.96296296296296
LPC Silva,3,40,27,2,5,1,148.14814814814815,20.0
LR Shukla,33,405,358,29,33,16,113.12849162011173,13.96551724137931
LRPL Taylor,54,1017,847,41,66,46,120.07083825265643,24.804878048780488
LS Livingstone,49,1066,725,42,70,76,147.0344827586207,25.38095238095238
Lalit Yadav,21,305,301,15,27,7,101.32890365448506,20.333333333333332
Liton Das,1,4,4,1,1,0,100.0,4.0
M Ashwin,12,35,50,8,2,1,70.0,4.375
M Jansen,25,192,186,16,9,9,103.2258064516129,12.0
M Kaif,22,259,258,16,22,6,100.3875968992248,16.1875
M Kartik,14,113,109,7,7,1,103.6697247706422,16.142857142857142
M Klinger,4,73,78,4,9,0,93.58974358974359,18.25
M Manhas,38,514,486,24,43,10,105.76131687242798,21.416666666666668
M Markande,10,48,44,3,5,1,109.09090909090908,16.0
M Morkel,20,126,93,11,11,5,135.48387096774192,11.454545454545455
M Muralitharan,9,20,30,6,1,0,66.66666666666666,3.3333333333333335
M Ntini,2,11,19,1,2,0,57.89473684210527,11.0
M Prasidh Krishna,8,15,31,2,1,0,48.38709677419355,7.5
M Rawat,11,55,70,5,4,1,78.57142857142857,11.0
M Shahrukh Khan,53,775,551,34,49,52,140.65335753176043,22.794117647058822
M Theekshana,6,17,34,3,0,1,50.0,5.666666666666667
M Tiwari,2,21,12,1,2,1,175.0,21.0
M Vijay,105,2619,2208,97,247,91,118.61413043478262,27.0
M Vohra,51,1083,863,48,104,43,125.49246813441484,22.5625
M de Lange,1,1,2,1,0,0,50.0,1.0
MA Agarwal,125,2764,2146,119,275,100,128.7977632805219,23.22689075630252
MA Khote,3,24,22,2,2,1,109.09090909090908,12.0
MA Starc,22,111,122,11,11,0,90.98360655737704,10.090909090909092
MA Wood,3,12,10,2,1,1,120.0,6.0
MC Henriques,54,1000,801,38,87,28,124.84394506866417,26.31578947368421
MC Juneja,7,125,134,7,11,1,93.28358208955224,17.857142857142858
MD Choudhary,10,170,122,6,11,12,139.34426229508196,28.333333333333332
MD Mishra,17,237,213,15,24,8,111.26760563380283,15.8
MD Shanaka,8,89,74,6,5,5,120.27027027027026,14.833333333333334
MDKJ Perera,2,14,13,2,3,0,107.6923076923077,7.0
MEK Hussey,58,1977,1648,52,198,52,119.96359223300972,38.01923076923077
MF Maharoof,14,177,124,10,12,9,142.74193548387098,17.7
MG Bracewell,4,58,49,2,6,1,118.36734693877551,29.0
MG Johnson,28,167,168,14,10,7,99.40476190476191,11.928571428571429
MJ Clarke,6,98,96,6,12,0,102.08333333333333,16.333333333333332
MJ Guptill,13,271,197,12,24,15,137.56345177664974,22.583333333333332
MJ Henry,2,7,10,2,1,0,70.0,3.5
MJ Lumb,12,278,198,10,45,6,140.4040404040404,27.8
MJ McClenaghan,20,85,73,11,5,7,116.43835616438356,7.7272727272727275
MJ Owen,1,0,2,1,0,0,0.0,0.0
MJ Santner,21,136,132,8,9,6,103.03030303030303,17.0
MJ Suthar,1,1,2,1,0,0,50.0,1.0
MK Lomror,35,527,389,30,33,30,135.47557840616966,17.566666666666666
MK Pandey,163,4021,3406,137,348,118,118.05637110980622,29.35036496350365
MK Tiwary,83,1695,1489,61,156,40,113.83478844862324,27.78688524590164
ML Hayden,32,1107,839,28,121,44,131.94278903456495,39.535714285714285
MM Ali,59,1167,865,51,95,67,134.91329479768785,22.88235294117647
MM Patel,12,39,41,5,5,0,95.1219512195122,7.8
MM Sharma,30,125,140,17,9,4,89.28571428571429,7.352941176470588
MN Samuels,14,161,174,12,9,7,92.52873563218391,13.416666666666666
MN van Wyk,5,167,135,3,19,1,123.7037037037037,55.666666666666664
MP Breetzke,1,14,12,1,1,1,116.66666666666667,14.0
MP Stoinis,108,2242,1588,79,181,117,141.18387909319898,28.379746835443036
MP Yadav,1,5,6,1,1,0,83.33333333333334,5.0
MR Marsh,62,1855,1291,59,155,111,143.68706429124708,31.440677966101696
MS Bhandage,1,1,4,1,0,0,25.0,1.0
MS Bisla,39,798,737,37,93,23,108.27679782903662,21.56756756756757
MS Dhoni,241,5439,4101,158,375,264,132.626188734455,34.424050632911396
MS Gony,15,99,76,9,6,8,130.26315789473685,11.0
MS Wade,14,183,185,13,23,2,98.91891891891892,14.076923076923077
MV Boucher,23,394,318,15,32,13,123.89937106918238,26.266666666666666
MW Short,9,177,153,9,21,5,115.68627450980394,19.666666666666668
Mandeep Singh,97,1706,1418,85,176,38,120.31029619181946,20.070588235294117
Mashrafe Mortaza,1,2,2,0,0,0,100.0,inf
Mayank Dagar,1,0,1,0,0,0,0.0,
Misbah-ul-Haq,8,117,82,9,10,6,142.6829268292683,13.0
Mohammad Ashraful,1,2,12,1,0,0,16.666666666666664,2.0
Mohammad Asif,2,3,6,2,0,0,50.0,1.5
Mohammad Hafeez,8,64,84,8,7,2,76.19047619047619,8.0
Mohammad Nabi,19,221,157,17,18,12,140.76433121019107,13.0
Mohammed Shami,34,115,116,19,9,5,99.13793103448276,6.052631578947368
Mohammed Siraj,23,117,144,12,11,4,81.25,9.75
Mohit Rathee,1,1,2,0,0,0,50.0,inf
Mohsin Khan,7,25,31,4,2,1,80.64516129032258,6.25
Mujeeb Ur Rahman,6,12,15,3,2,0,80.0,4.0
Mukesh Choudhary,3,8,8,0,1,0,100.0,inf
Mukesh Kumar,5,10,20,1,0,0,50.0,10.0
Musheer Khan,1,0,3,1,0,0,0.0,0.0
Mustafizur Rahman,7,13,24,2,0,1,54.166666666666664,6.5
N Burger,3,14,9,1,0,1,155.55555555555557,14.0
N Jagadeesan,10,162,155,9,21,2,104.51612903225806,18.0
N Pooran,100,2527,1629,82,169,186,155.1258440761203,30.817073170731707
N Rana,121,3078,2314,113,288,151,133.01642178046674,27.238938053097346
N Saini,10,140,143,11,16,0,97.9020979020979,12.727272727272727
N Sindhu,5,63,51,5,7,2,123.52941176470588,12.6
N Wadhera,37,784,583,32,64,43,134.47684391080617,24.5
ND Doshi,1,0,13,1,0,0,0.0,0.0
NJ Maddinson,3,20,21,3,4,0,95.23809523809523,6.666666666666667
NJ Rimmington,1,1,1,0,0,0,100.0,inf
NK Patel,6,121,124,5,14,1,97.58064516129032,24.2
NL McCullum,2,26,23,3,0,1,113.04347826086956,8.666666666666666
NLTC Perera,30,424,326,24,23,26,130.06134969325154,17.666666666666668
NM Coulter-Nile,16,82,75,10,7,4,109.33333333333333,8.2
NS Naik,4,31,53,4,2,0,58.490566037735846,7.75
NT Ellis,5,19,26,4,0,1,73.07692307692307,4.75
NV Ojha,94,1554,1360,74,121,79,114.26470588235293,21.0
Naman Dhir,33,710,444,26,68,36,159.9099099099099,27.307692307692307
Navdeep Saini,7,33,38,4,3,0,86.8421052631579,8.25
Naveen-ul-Haq,4,18,26,2,2,0,69.23076923076923,9.0
Nithish Kumar Reddy,35,787,566,28,50,46,139.04593639575972,28.107142857142858
Noor Ahmad,15,31,59,11,2,1,52.54237288135594,2.8181818181818183
OA Shah,22,506,405,13,34,23,124.93827160493827,38.92307692307692
OC McCoy,1,8,5,0,0,1,160.0,inf
OF Smith,6,51,50,3,1,5,102.0,17.0
P Awana,5,5,14,3,0,0,35.714285714285715,1.6666666666666667
P Chopra,1,8,6,1,2,0,133.33333333333331,8.0
P Dogra,12,127,141,12,4,5,90.0709219858156,10.583333333333334
P Dubey,2,23,33,1,2,0,69.6969696969697,23.0
P Kumar,57,340,323,34,22,17,105.26315789473684,10.0
P Negi,35,365,301,26,27,16,121.26245847176081,14.038461538461538
P Nissanka,10,278,180,10,33,12,154.44444444444446,27.8
P Parameswaran,2,1,3,0,0,0,33.33333333333333,inf
P Ray Barman,1,19,25,1,2,0,76.0,19.0
P Sahu,2,19,13,0,1,1,146.15384615384613,inf
P Simran Singh,65,1865,1220,64,196,94,152.8688524590164,29.140625
PA Patel,136,2848,2442,127,365,49,116.62571662571663,22.4251968503937
PA Reddy,10,164,167,10,15,2,98.20359281437125,16.4
PBB Rajapaksa,13,277,201,12,22,15,137.81094527363186,23.083333333333332
PC Valthaty,23,505,432,22,61,20,116.89814814814814,22.954545454545453
PD Collingwood,7,203,159,4,9,13,127.67295597484276,50.75
PD Salt,40,1258,746,38,138,67,168.63270777479892,33.10526315789474
PHKD Mendis,5,92,72,4,7,2,127.77777777777777,23.0
PJ Cummins,51,642,437,36,40,44,146.9107551487414,17.833333333333332
PJ Sangwan,14,26,47,8,1,0,55.319148936170215,3.25
PK Garg,19,273,247,19,16,9,110.5263157894737,14.368421052631579
PM Sarvesh Kumar,1,1,2,0,0,0,50.0,inf
PN Mankad,5,97,75,3,13,2,129.33333333333331,32.333333333333336
PP Chawla,86,624,580,57,56,20,107.58620689655172,10.947368421052632
PP Hinge,2,3,9,1,0,0,33.33333333333333,3.0
PP Ojha,19,16,45,10,0,0,35.55555555555556,1.6
PP Shaw,79,1892,1321,77,238,61,143.22482967448903,24.571428571428573
PR Shah,9,92,97,8,9,2,94.84536082474226,11.5
PR Veer,5,90,72,2,10,3,125.0,45.0
PSP Handscomb,1,6,12,1,0,0,50.0,6.0
PV Tambe,6,18,39,1,1,0,46.15384615384615,18.0
PVD Chameera,11,53,49,3,3,3,108.16326530612245,17.666666666666668
PVSN Raju,1,1,1,0,0,0,100.0,inf
PWA Mulder,1,9,12,1,1,0,75.0,9.0
PWH de Silva,19,81,95,16,7,1,85.26315789473684,5.0625
Pankaj Singh,5,7,12,2,0,0,58.333333333333336,3.5
Parvez Rasool,4,17,20,2,1,0,85.0,8.5
Prince Yadav,3,5,12,0,0,0,41.66666666666667,inf
Priyansh Arya,31,909,491,31,87,63,185.13238289205702,29.322580645161292
Q de Kock,118,3444,2618,110,334,143,131.55080213903742,31.30909090909091
R Ashwin,93,833,728,63,64,29,114.42307692307692,13.222222222222221
R Bhatia,47,342,290,29,24,13,117.9310344827586,11.793103448275861
R Bishnoi,3,19,17,3,1,2,111.76470588235294,6.333333333333333
R Dhawan,22,210,188,10,18,7,111.70212765957446,21.0
R Dravid,82,2174,1918,77,269,28,113.34723670490095,28.233766233766232
R McLaren,13,159,178,8,14,1,89.32584269662921,19.875
R Minz,4,12,20,3,1,0,60.0,4.0
R Ninan,1,3,6,1,0,0,50.0,3.0
R Parag,86,1879,1359,73,136,108,138.2634289919058,25.73972602739726
R Powell,30,555,409,25,38,38,135.69682151589242,22.2
R Rampaul,7,51,52,5,3,2,98.07692307692307,10.2
R Ravindra,18,413,298,16,40,16,138.59060402684565,25.8125
R Sai Kishore,4,18,16,3,0,2,112.5,6.0
R Sanjay Yadav,1,0,2,1,0,0,0.0,0.0
R Sathish,24,270,236,16,22,6,114.40677966101696,16.875
R Sharma,19,66,77,11,5,3,85.71428571428571,6.0
R Shepherd,19,268,161,12,18,22,166.45962732919256,22.333333333333332
R Shukla,4,19,23,2,2,0,82.6086956521739,9.5
R Smaran,4,19,25,3,3,0,76.0,6.333333333333333
R Tewatia,91,1302,994,56,110,62,130.98591549295776,23.25
R Vinay Kumar,42,310,289,26,21,9,107.26643598615917,11.923076923076923
RA Bawa,4,35,32,3,2,0,109.375,11.666666666666666
RA Jadeja,205,3526,2816,127,264,122,125.21306818181819,27.763779527559056
RA Tripathi,98,2291,1707,86,229,85,134.21206795547744,26.63953488372093
RD Chahar,22,129,127,16,13,5,101.5748031496063,8.0625
RD Gaikwad,84,2839,2154,73,260,107,131.80129990714948,38.89041095890411
RD Rickelton,26,836,513,24,78,55,162.96296296296296,34.833333333333336
RE Levi,6,83,74,6,10,4,112.16216216216218,13.833333333333334
RE van der Merwe,15,159,144,12,11,8,110.41666666666667,13.25
RG More,1,2,2,0,0,0,100.0,inf
RG Sharma,275,7331,5659,255,661,324,129.54585615833184,28.749019607843138
RJ Gleeson,1,2,2,0,0,0,100.0,inf
RJ Harris,21,117,112,12,6,3,104.46428571428572,9.75
RJ Peterson,5,32,32,3,3,1,100.0,10.666666666666666
RJ Quiney,7,103,105,7,12,3,98.09523809523809,14.714285714285714
RJW Topley,1,3,6,0,0,0,50.0,inf
RK Bhui,4,10,27,4,0,0,37.03703703703704,2.5
RK Singh,62,1398,1005,43,115,67,139.1044776119403,32.51162790697674
RM Patidar,52,1612,1035,48,106,110,155.7487922705314,33.583333333333336
RN ten Doeschate,21,326,238,17,26,15,136.9747899159664,19.176470588235293
RP Meredith,2,0,3,1,0,0,0.0,0.0
RP Singh,28,52,78,15,2,1,66.66666666666666,3.466666666666667
RR Bhatkal,1,0,2,2,0,0,0.0,0.0
RR Pant,136,3879,2739,116,351,181,141.6210295728368,33.439655172413794
RR Powar,9,67,64,3,6,1,104.6875,22.333333333333332
RR Raje,5,20,18,1,1,1,111.11111111111111,20.0
RR Rossouw,22,473,321,21,45,25,147.35202492211837,22.523809523809526
RR Sarwan,4,73,78,3,6,1,93.58974358974359,24.333333333333332
RS Bopara,22,531,468,19,39,16,113.46153846153845,27.94736842105263
RS Gavaskar,1,2,8,1,0,0,25.0,2.0
RS Sodhi,1,4,2,0,1,0,200.0,inf
RT Ponting,9,91,129,8,5,2,70.54263565891473,11.375
RV Gomez,9,50,53,7,5,1,94.33962264150944,7.142857142857143
RV Patel,7,80,76,5,6,2,105.26315789473684,16.0
RV Uthappa,197,4954,3927,184,481,182,126.15227909345556,26.92391304347826
Rahmanullah Gurbaz,18,363,283,17,34,22,128.26855123674912,21.352941176470587
Ramandeep Singh,26,299,212,16,17,19,141.03773584905662,18.6875
Rashid Khan,72,635,432,47,45,43,146.99074074074073,13.51063829787234
Rasikh Salam,7,43,43,5,5,0,100.0,8.6
Ravi Bishnoi,18,45,71,11,2,2,63.38028169014085,4.090909090909091
Ravi Singh,1,4,2,1,1,0,200.0,4.0
S Anirudha,12,136,121,8,9,7,112.39669421487604,17.0
S Aravind,10,59,59,3,7,0,100.0,19.666666666666668
S Arora,10,121,81,7,9,9,149.3827160493827,17.285714285714285
S Badree,5,13,25,5,0,0,52.0,2.6
S Badrinath,65,1441,1245,48,154,28,115.74297188755021,30.020833333333332
S Chanderpaul,3,25,33,3,4,0,75.75757575757575,8.333333333333334
S Dhawan,221,6769,5483,194,768,153,123.45431333211745,34.891752577319586
S Dube,87,2129,1555,68,132,137,136.91318327974275,31.308823529411764
S Gopal,22,180,173,13,19,2,104.04624277456647,13.846153846153847
S Kaul,9,20,36,3,1,0,55.55555555555556,6.666666666666667
S Kaushik,1,0,1,1,0,0,0.0,0.0
S Ladda,2,0,10,2,0,0,0.0,0.0
S Lamichhane,1,0,1,1,0,0,0.0,0.0
S Nadeem,20,39,88,16,2,0,44.31818181818182,2.4375
S Narwal,4,37,29,4,6,0,127.58620689655173,9.25
S Rana,8,91,82,5,9,1,110.97560975609757,18.2
S Randiv,1,2,4,1,0,0,50.0,2.0
S Sohal,20,368,311,18,34,18,118.32797427652733,20.444444444444443
S Sreesanth,12,34,57,3,6,0,59.64912280701754,11.333333333333334
S Sriram,2,31,38,2,3,0,81.57894736842105,15.5
S Tyagi,1,3,4,0,0,0,75.0,inf
S Vidyut,8,145,115,8,21,3,126.08695652173914,18.125
SA Abbott,3,22,18,2,1,2,122.22222222222223,11.0
SA Asnodkar,19,423,352,19,56,10,120.17045454545455,22.263157894736842
SA Yadav,164,4581,3154,136,482,178,145.24413443246672,33.68382352941177
SB Bangar,7,49,58,6,1,3,84.48275862068965,8.166666666666666
SB Dubey,17,220,148,11,17,13,148.64864864864865,20.0
SB Jakati,5,28,30,2,3,0,93.33333333333333,14.0
SB Joshi,2,6,16,2,0,0,37.5,3.0
SB Styris,10,131,134,7,10,3,97.76119402985076,18.714285714285715
SB Wagh,2,2,3,2,0,0,66.66666666666666,1.0
SC Ganguly,56,1349,1326,54,137,42,101.73453996983409,24.98148148148148
SD Chitnis,8,99,92,7,10,2,107.6086956521739,14.142857142857142
SD Hope,9,183,125,8,12,12,146.4,22.875
SD Lad,1,15,13,1,1,1,115.38461538461537,15.0
SE Bond,1,1,2,1,0,0,50.0,1.0
SE Marsh,69,2489,1913,65,269,78,130.10977522216413,38.292307692307695
SE Rutherford,27,520,393,23,30,38,132.31552162849874,22.608695652173914
SH Johnson,6,8,12,1,1,0,66.66666666666666,8.0
SJ Srivastava,4,5,5,1,0,0,100.0,5.0
SK Raina,200,5536,4177,168,506,204,132.53531242518554,32.95238095238095
SK Rasheed,5,71,67,5,9,2,105.97014925373134,14.2
SK Trivedi,14,42,61,8,3,1,68.85245901639344,5.25
SK Warne,27,198,219,19,14,6,90.41095890410958,10.421052631578947
SL Malinga,20,88,103,12,6,5,85.43689320388349,7.333333333333333
SM Curran,53,997,761,41,85,41,131.011826544021,24.317073170731707
SM Harwood,2,9,14,0,0,0,64.28571428571429,inf
SM Katich,11,241,191,10,26,8,126.17801047120419,24.1
SM Pollock,8,147,116,8,12,8,126.72413793103448,18.375
SMSM Senanayake,4,10,17,1,0,0,58.82352941176471,10.0
SN Khan,43,746,556,36,86,20,134.17266187050362,20.72222222222222
SN Thakur,43,349,276,28,32,13,126.44927536231884,12.464285714285714
SO Hetmyer,85,1566,1110,59,99,96,141.0810810810811,26.54237288135593
SP Fleming,10,196,171,9,27,3,114.61988304093566,21.77777777777778
SP Goswami,21,293,307,20,32,3,95.43973941368078,14.65
SP Jackson,8,61,57,6,5,1,107.01754385964912,10.166666666666666
SP Narine,122,1820,1178,98,191,120,154.49915110356537,18.571428571428573
SPD Smith,93,2495,1999,78,226,60,124.81240620310155,31.987179487179485
SR Dubey,1,4,2,0,1,0,200.0,inf
SR Tendulkar,78,2334,2044,71,296,29,114.18786692759295,32.87323943661972
SR Watson,141,3880,2892,126,377,190,134.1632088520055,30.793650793650794
SS Cottrell,1,0,2,1,0,0,0.0,0.0
SS Iyer,144,4233,3211,123,354,182,131.8280909374027,34.41463414634146
SS Mishra,1,1,3,0,0,0,33.33333333333333,inf
SS Prabhudessai,10,126,113,9,11,4,111.50442477876106,14.0
SS Shaikh,1,6,7,0,1,0,85.71428571428571,inf
SS Tiwary,73,1494,1291,50,111,50,115.72424477149497,29.88
ST Jayasuriya,30,768,573,29,84,39,134.03141361256544,26.482758620689655
STR Binny,66,880,700,44,66,35,125.71428571428571,20.0
SU Parakh,4,46,33,4,5,2,139.3939393939394,11.5
SV Samson,185,5181,3770,163,432,243,137.42705570291778,31.78527607361963
SW Billings,27,503,399,26,40,20,126.06516290726817,19.346153846153847
SW Tait,5,23,26,3,1,1,88.46153846153845,7.666666666666667
SZ Mulani,1,1,1,0,0,0,100.0,inf
Sachin Baby,11,144,123,10,11,5,117.07317073170731,14.4
Sakib Hussain,1,5,7,0,1,0,71.42857142857143,inf
Salil Arora,1,35,25,1,2,2,140.0,35.0
Salman Butt,7,193,172,7,30,2,112.20930232558139,27.571428571428573
Sameer Rizvi,18,424,304,14,30,26,139.4736842105263,30.285714285714285
Sandeep Sharma,26,60,79,5,4,0,75.9493670886076,12.0
Sanvir Singh,5,25,22,2,2,1,113.63636363636364,12.5
Saurav Chauhan,3,18,16,3,1,1,112.5,6.0
Sediqullah Atal,1,22,16,1,0,2,137.5,22.0
Shahbaz Ahmed,40,603,516,30,33,28,116.86046511627907,20.1
Shahid Afridi,9,81,46,8,7,6,176.08695652173913,10.125
Shakib Al Hasan,52,795,665,40,73,21,119.54887218045114,19.875
Shashank Singh,42,905,588,24,67,51,153.91156462585033,37.708333333333336
Shivam Mavi,11,51,58,9,4,2,87.93103448275862,5.666666666666667
Shivam Sharma,2,5,3,1,1,0,166.66666666666669,5.0
Shivam Singh,1,2,3,0,0,0,66.66666666666666,inf
Shivang Kumar,6,53,50,6,6,1,106.0,8.833333333333334
Shoaib Ahmed,3,1,6,2,0,0,16.666666666666664,0.5
Shoaib Akhtar,1,2,8,1,0,0,25.0,2.0
Shoaib Malik,5,52,49,4,5,0,106.12244897959184,13.0
Shubman Gill,130,4598,3339,114,446,152,137.70589997005092,40.333333333333336
Sikandar Raza,9,182,143,7,12,8,127.27272727272727,26.0
Simarjeet Singh,6,10,15,3,0,0,66.66666666666666,3.3333333333333335
Sohail Tanvir,5,36,31,3,3,1,116.12903225806453,12.0
Sumit Kumar,3,18,26,2,2,1,69.23076923076923,9.0
Sunny Gupta,1,0,1,1,0,0,0.0,0.0
Sunny Singh,5,43,31,4,6,1,138.70967741935485,10.75
Suryansh Shedge,10,165,104,7,9,12,158.65384615384613,23.571428571428573
Swapnil Singh,9,51,46,5,3,3,110.86956521739131,10.2
T Banton,2,18,22,2,1,1,81.81818181818183,9.0
T Dahiya,2,12,15,2,2,0,80.0,6.0
T Henderson,2,11,16,1,0,1,68.75,11.0
T Kohler-Cadmore,3,48,54,3,7,1,88.88888888888889,16.0
T Kohli,3,11,20,3,0,1,55.00000000000001,3.6666666666666665
T Natarajan,3,4,7,0,0,0,57.14285714285714,inf
T Shamsi,1,2,4,0,0,0,50.0,inf
T Stubbs,43,986,667,23,69,47,147.82608695652172,42.869565217391305
T Taibu,3,31,26,3,3,0,119.23076923076923,10.333333333333334
T Thushara,4,12,19,2,0,0,63.1578947368421,6.0
TA Boult,26,93,90,9,5,4,103.33333333333334,10.333333333333334
TD Paine,2,10,29,2,0,0,34.48275862068966,5.0
TG Southee,19,120,108,11,8,4,111.11111111111111,10.909090909090908
TH David,59,1151,697,35,76,83,165.13629842180774,32.885714285714286
TK Curran,10,127,108,5,10,3,117.59259259259258,25.4
TL Seifert,6,45,44,6,6,1,102.27272727272727,7.5
TL Suman,39,676,587,30,55,26,115.1618398637138,22.533333333333335
TM Dilshan,50,1153,1047,41,140,24,110.12416427889207,28.121951219512194
TM Head,52,1556,959,48,172,78,162.25234619395204,32.416666666666664
TM Srivastava,3,8,11,1,0,0,72.72727272727273,8.0
TR Birt,5,75,59,5,9,2,127.11864406779661,15.0
TS Mills,5,8,14,4,0,1,57.14285714285714,2.0
TU Deshpande,10,54,38,4,2,4,142.10526315789474,13.5
Tanush Kotian,1,24,32,1,3,0,75.0,24.0
Tilak Varma,65,1858,1344,50,143,91,138.24404761904762,37.16
U Kaul,1,0,1,0,0,0,0.0,
UA Birla,1,7,15,1,1,0,46.666666666666664,7.0
UBT Chand,20,300,314,20,32,9,95.54140127388536,15.0
UT Khawaja,6,127,105,5,14,3,120.95238095238095,25.4
UT Yadav,48,208,211,21,16,9,98.5781990521327,9.904761904761905
Umar Gul,4,39,19,3,1,5,205.26315789473685,13.0
Umran Malik,5,23,16,1,1,2,143.75,23.0
Urvil Patel,10,197,102,10,11,20,193.13725490196077,19.7
V Kohli,275,9346,7127,243,847,317,131.13511996632525,38.46090534979424
V Nigam,10,157,92,6,18,8,170.65217391304347,26.166666666666668
V Pratap Singh,1,0,1,1,0,0,0.0,0.0
V Sehwag,104,2728,1833,98,334,106,148.82705946535734,27.836734693877553
V Shankar,63,1233,985,46,88,48,125.17766497461929,26.804347826086957
V Suryavanshi,23,1028,473,23,81,96,217.33615221987316,44.69565217391305
V Viyaskanth,1,7,5,0,0,0,140.0,inf
VG Arora,11,10,28,4,0,0,35.714285714285715,2.5
VH Zol,2,29,26,2,3,1,111.53846153846155,14.5
VR Aaron,12,50,73,4,2,2,68.4931506849315,12.5
VR Iyer,62,1677,1223,54,157,78,137.12183156173344,31.055555555555557
VRV Singh,2,4,3,1,1,0,133.33333333333331,4.0
VS Malik,2,7,7,1,1,0,100.0,7.0
VS Yeligati,1,2,2,1,0,0,100.0,2.0
VVS Laxman,20,282,271,16,33,5,104.0590405904059,17.625
VY Mahesh,5,15,28,2,0,0,53.57142857142857,7.5
Vijaykumar Vyshak,6,16,17,2,0,1,94.11764705882352,8.0
Virat Singh,2,15,26,3,1,0,57.692307692307686,5.0
Vishnu Vinod,7,71,66,6,4,4,107.57575757575756,11.833333333333334
Vivrant Sharma,1,69,49,1,9,2,140.81632653061226,69.0
W Jaffer,8,130,129,7,14,3,100.7751937984496,18.571428571428573
WA Mota,8,56,76,5,2,0,73.68421052631578,11.2
WD Parnell,13,65,86,10,4,1,75.5813953488372,6.5
WG Jacks,26,602,385,21,50,38,156.36363636363637,28.666666666666668
WP Saha,143,2934,2368,121,296,87,123.90202702702702,24.24793388429752
WPUJC Vaas,11,81,73,7,2,3,110.95890410958904,11.571428571428571
Washington Sundar,59,888,689,42,82,28,128.8824383164006,21.142857142857142
X Thalaivan Sargunam,1,10,17,1,0,0,58.82352941176471,10.0
XC Bartlett,4,40,29,2,3,2,137.93103448275863,20.0
Y Gnaneswara Rao,1,19,18,1,3,0,105.55555555555556,19.0
Y Nagar,20,285,271,15,20,9,105.1660516605166,19.0
Y Prithvi Raj,1,0,1,0,0,0,0.0,
Y Venugopal Rao,52,985,865,42,77,37,113.87283236994219,23.452380952380953
YA Abdulla,1,0,1,0,0,0,0.0,
YBK Jaiswal,82,2593,1750,76,311,110,148.17142857142858,34.11842105263158
YK Pathan,153,3222,2334,111,263,161,138.04627249357327,29.027027027027028
YS Chahal,17,37,89,6,0,0,41.57303370786517,6.166666666666667
YV Dhull,3,16,23,3,1,0,69.56521739130434,5.333333333333333
YV Takawale,10,192,183,8,26,3,104.91803278688525,24.0
Yash Dayal,4,4,9,3,0,0,44.44444444444444,1.3333333333333333
Yashpal Singh,4,47,67,4,5,0,70.1492537313433,11.75
Younis Khan,1,3,7,1,0,0,42.857142857142854,3.0
Yudhvir Singh,4,22,16,4,1,2,137.5,5.5
Yuvraj Singh,126,2754,2207,109,218,149,124.78477571363842,25.26605504587156
Z Khan,27,117,141,15,11,2,82.97872340425532,7.8
