bowler,phase,wickets,runs_conceded,balls,overs,economy
A Ashish Reddy,Death,8,123,75,12.5,9.84
A Ashish Reddy,Middle,11,247,183,30.5,8.098360655737705
A Ashish Reddy,Powerplay,0,30,12,2.0,15.0
A Badoni,Death,2,13,10,1.6666666666666667,7.8
A Badoni,Middle,2,18,18,3.0,6.0
A Badoni,Powerplay,0,33,13,2.1666666666666665,15.230769230769232
A Chandila,Death,0,6,6,1.0,6.0
A Chandila,Middle,1,71,54,9.0,7.888888888888889
A Chandila,Powerplay,10,168,174,29.0,5.793103448275862
A Choudhary,Death,1,40,27,4.5,8.88888888888889
A Choudhary,Middle,0,56,32,5.333333333333333,10.5
A Choudhary,Powerplay,4,48,49,8.166666666666666,5.877551020408164
A Dananjaya,Middle,0,35,19,3.1666666666666665,11.052631578947368
A Dananjaya,Powerplay,0,12,6,1.0,12.0
A Flintoff,Death,1,52,18,3.0,17.333333333333332
A Flintoff,Middle,0,31,30,5.0,6.2
A Flintoff,Powerplay,1,23,18,3.0,7.666666666666667
A Kamboj,Death,17,228,133,22.166666666666668,10.285714285714285
A Kamboj,Middle,3,108,60,10.0,10.8
A Kamboj,Powerplay,14,487,320,53.333333333333336,9.13125
A Kumble,Death,15,148,112,18.666666666666668,7.928571428571428
A Kumble,Middle,29,751,659,109.83333333333333,6.83763277693475
A Kumble,Powerplay,5,190,212,35.333333333333336,5.377358490566038
A Mishra,Death,30,471,300,50.0,9.42
A Mishra,Middle,130,3185,2668,444.6666666666667,7.162668665667166
A Mishra,Powerplay,23,537,476,79.33333333333333,6.768907563025211
A Mithun,Death,5,155,85,14.166666666666666,10.941176470588236
A Mithun,Middle,2,177,124,20.666666666666668,8.564516129032258
A Mithun,Powerplay,1,145,103,17.166666666666668,8.446601941747572
A Nehra,Death,54,633,434,72.33333333333333,8.751152073732719
A Nehra,Middle,22,510,397,66.16666666666667,7.707808564231738
A Nehra,Powerplay,45,1394,1143,190.5,7.31758530183727
A Nel,Death,0,8,6,1.0,8.0
A Nel,Powerplay,1,23,12,2.0,11.5
A Nortje,Death,23,614,365,60.833333333333336,10.093150684931507
A Nortje,Middle,18,488,345,57.5,8.486956521739131
A Nortje,Powerplay,22,638,459,76.5,8.339869281045752
A Singh,Death,17,256,149,24.833333333333332,10.308724832214766
A Singh,Middle,1,75,61,10.166666666666666,7.3770491803278695
A Singh,Powerplay,13,308,276,46.0,6.695652173913044
A Symonds,Death,6,104,55,9.166666666666666,11.345454545454546
A Symonds,Middle,11,429,324,54.0,7.944444444444445
A Symonds,Powerplay,6,161,161,26.833333333333332,6.0
A Uniyal,Death,2,27,19,3.1666666666666665,8.526315789473685
A Uniyal,Powerplay,1,40,19,3.1666666666666665,12.631578947368421
A Zampa,Death,7,138,61,10.166666666666666,13.573770491803279
A Zampa,Middle,22,399,322,53.666666666666664,7.434782608695652
A Zampa,Powerplay,3,119,92,15.333333333333334,7.760869565217391
AA Chavan,Death,1,22,8,1.3333333333333333,16.5
AA Chavan,Middle,4,110,72,12.0,9.166666666666666
AA Chavan,Powerplay,3,207,175,29.166666666666668,7.097142857142857
AA Jhunjhunwala,Death,0,2,1,0.16666666666666666,12.0
AA Jhunjhunwala,Middle,1,79,49,8.166666666666666,9.673469387755103
AA Jhunjhunwala,Powerplay,0,49,38,6.333333333333333,7.736842105263158
AA Kazi,Middle,1,21,13,2.1666666666666665,9.692307692307693
AA Noffke,Death,1,7,6,1.0,7.0
AA Noffke,Middle,0,4,6,1.0,4.0
AA Noffke,Powerplay,0,30,13,2.1666666666666665,13.846153846153847
AB Agarkar,Death,9,266,167,27.833333333333332,9.556886227544911
AB Agarkar,Middle,15,553,396,66.0,8.378787878787879
AB Agarkar,Powerplay,9,355,257,42.833333333333336,8.28793774319066
AB Dinda,Death,32,742,410,68.33333333333333,10.858536585365854
AB Dinda,Middle,14,325,294,49.0,6.63265306122449
AB Dinda,Powerplay,36,1036,885,147.5,7.023728813559322
AB McDonald,Death,4,51,30,5.0,10.2
AB McDonald,Middle,6,124,97,16.166666666666668,7.6701030927835046
AB McDonald,Powerplay,4,88,61,10.166666666666666,8.655737704918034
AC Gilchrist,Death,1,0,1,0.16666666666666666,0.0
AC Thomas,Death,5,167,105,17.5,9.542857142857143
AC Thomas,Middle,3,53,37,6.166666666666667,8.594594594594595
AC Thomas,Powerplay,8,196,185,30.833333333333332,6.356756756756757
AC Voges,Death,0,5,6,1.0,5.0
AC Voges,Middle,1,40,31,5.166666666666667,7.741935483870967
AC Voges,Powerplay,0,31,19,3.1666666666666665,9.789473684210527
AD Mascarenhas,Death,2,24,15,2.5,9.6
AD Mascarenhas,Middle,3,110,103,17.166666666666668,6.407766990291262
AD Mascarenhas,Powerplay,14,231,192,32.0,7.21875
AD Mathews,Death,9,185,125,20.833333333333332,8.88
AD Mathews,Middle,11,615,464,77.33333333333333,7.9525862068965525
AD Mathews,Powerplay,8,295,218,36.333333333333336,8.119266055045872
AD Russell,Death,55,932,518,86.33333333333333,10.795366795366796
AD Russell,Middle,52,1238,830,138.33333333333334,8.949397590361444
AD Russell,Powerplay,26,739,537,89.5,8.256983240223464
AF Milne,Death,4,94,54,9.0,10.444444444444445
AF Milne,Middle,2,86,57,9.5,9.052631578947368
AF Milne,Powerplay,3,201,127,21.166666666666668,9.496062992125983
AG Murtaza,Death,0,31,13,2.1666666666666665,14.307692307692308
AG Murtaza,Middle,9,214,165,27.5,7.781818181818182
AG Murtaza,Powerplay,3,77,91,15.166666666666666,5.0769230769230775
AJ Finch,Death,0,1,1,0.16666666666666666,6.0
AJ Finch,Middle,1,63,37,6.166666666666667,10.216216216216216
AJ Finch,Powerplay,0,3,6,1.0,3.0
AJ Hosein,Death,1,8,4,0.6666666666666666,12.0
AJ Hosein,Middle,6,107,85,14.166666666666666,7.552941176470589
AJ Hosein,Powerplay,3,124,86,14.333333333333334,8.651162790697674
AJ Tye,Death,24,374,237,39.5,9.468354430379748
AJ Tye,Middle,11,363,273,45.5,7.978021978021978
AJ Tye,Powerplay,13,268,204,34.0,7.882352941176471
AK Markram,Death,0,30,15,2.5,12.0
AK Markram,Middle,5,239,147,24.5,9.755102040816327
AK Markram,Powerplay,1,89,68,11.333333333333334,7.852941176470588
AL Menaria,Death,0,25,13,2.1666666666666665,11.53846153846154
AL Menaria,Middle,2,52,38,6.333333333333333,8.210526315789474
AL Menaria,Powerplay,1,67,62,10.333333333333334,6.483870967741935
AM Ghazanfar,Death,1,26,12,2.0,13.0
AM Ghazanfar,Middle,7,235,146,24.333333333333332,9.657534246575343
AM Ghazanfar,Powerplay,7,129,79,13.166666666666666,9.79746835443038
AM Nayar,Death,1,9,6,1.0,9.0
AM Nayar,Middle,7,285,208,34.666666666666664,8.221153846153847
AM Nayar,Powerplay,1,29,25,4.166666666666667,6.959999999999999
AM Rahane,Middle,1,5,6,1.0,5.0
AM Salvi,Death,2,46,31,5.166666666666667,8.903225806451612
AM Salvi,Middle,3,54,44,7.333333333333333,7.363636363636364
AM Salvi,Powerplay,2,105,81,13.5,7.777777777777778
AN Ahmed,Death,8,156,87,14.5,10.758620689655173
AN Ahmed,Middle,4,149,113,18.833333333333332,7.911504424778761
AN Ahmed,Powerplay,3,210,162,27.0,7.777777777777778
AP Dole,Death,1,13,7,1.1666666666666667,11.142857142857142
AP Dole,Middle,2,34,24,4.0,8.5
AP Dole,Powerplay,2,67,42,7.0,9.571428571428571
AR Patel,Death,16,315,219,36.5,8.63013698630137
AR Patel,Middle,91,2894,2356,392.6666666666667,7.370118845500849
AR Patel,Powerplay,41,1294,1064,177.33333333333334,7.296992481203007
AS Joseph,Death,9,168,100,16.666666666666668,10.08
AS Joseph,Middle,10,303,203,33.833333333333336,8.955665024630541
AS Joseph,Powerplay,3,236,151,25.166666666666668,9.37748344370861
AS Rajpoot,Death,8,184,97,16.166666666666668,11.38144329896907
AS Rajpoot,Middle,7,208,156,26.0,8.0
AS Rajpoot,Powerplay,9,452,314,52.333333333333336,8.636942675159235
AS Raut,Middle,0,45,30,5.0,9.0
AS Roy,Death,1,33,18,3.0,11.0
AS Roy,Middle,11,230,179,29.833333333333332,7.709497206703911
AS Roy,Powerplay,5,219,154,25.666666666666668,8.532467532467532
AU Rashid,Middle,2,62,42,7.0,8.857142857142858
AU Rashid,Powerplay,0,29,18,3.0,9.666666666666666
AUK Pathan,Death,0,14,9,1.5,9.333333333333334
AUK Pathan,Middle,0,49,32,5.333333333333333,9.1875
Abdul Samad,Death,0,32,10,1.6666666666666667,19.2
Abdul Samad,Middle,2,82,42,7.0,11.714285714285714
Abdul Samad,Powerplay,0,11,6,1.0,11.0
Abdur Razzak,Middle,0,29,14,2.3333333333333335,12.428571428571427
Abhinandan Singh,Death,1,3,4,0.6666666666666666,4.5
Abhinandan Singh,Middle,2,50,32,5.333333333333333,9.375
Abhinandan Singh,Powerplay,0,69,24,4.0,17.25
Abhishek Sharma,Death,0,18,11,1.8333333333333333,9.818181818181818
Abhishek Sharma,Middle,10,357,239,39.833333333333336,8.962343096234308
Abhishek Sharma,Powerplay,1,183,124,20.666666666666668,8.854838709677418
Akash Deep,Death,1,77,35,5.833333333333333,13.200000000000001
Akash Deep,Middle,5,221,115,19.166666666666668,11.530434782608696
Akash Deep,Powerplay,5,256,152,25.333333333333332,10.105263157894738
Akash Madhwal,Death,10,184,119,19.833333333333332,9.277310924369749
Akash Madhwal,Middle,10,305,172,28.666666666666668,10.63953488372093
Akash Madhwal,Powerplay,6,109,85,14.166666666666666,7.694117647058824
Akash Singh,Death,1,10,6,1.0,10.0
Akash Singh,Middle,3,121,64,10.666666666666666,11.34375
Akash Singh,Powerplay,9,275,186,31.0,8.870967741935484
Aman Hakim Khan,Powerplay,0,13,6,1.0,13.0
Anand Rajan,Death,5,69,32,5.333333333333333,12.9375
Anand Rajan,Middle,5,79,72,12.0,6.583333333333333
Anand Rajan,Powerplay,0,58,58,9.666666666666666,6.0
Ankit Sharma,Death,0,23,8,1.3333333333333333,17.25
Ankit Sharma,Middle,5,266,197,32.833333333333336,8.101522842639593
Ankit Sharma,Powerplay,7,164,170,28.333333333333332,5.788235294117647
Ankit Soni,Death,0,4,1,0.16666666666666666,24.0
Ankit Soni,Middle,3,134,99,16.5,8.121212121212121
Ankit Soni,Powerplay,1,7,12,2.0,3.5
Anureet Singh,Death,10,206,119,19.833333333333332,10.38655462184874
Anureet Singh,Middle,4,208,131,21.833333333333332,9.526717557251908
Anureet Singh,Powerplay,7,222,180,30.0,7.4
Arjun Tendulkar,Death,2,10,12,2.0,5.0
Arjun Tendulkar,Middle,1,70,22,3.6666666666666665,19.09090909090909
Arjun Tendulkar,Powerplay,2,73,73,12.166666666666666,6.0
Arshad Khan,Death,6,162,80,13.333333333333334,12.149999999999999
Arshad Khan,Middle,6,182,108,18.0,10.11111111111111
Arshad Khan,Powerplay,8,331,212,35.333333333333336,9.367924528301886
Arshad Khan (2),Middle,0,25,13,2.1666666666666665,11.53846153846154
Arshdeep Singh,Death,57,978,616,102.66666666666667,9.525974025974026
Arshdeep Singh,Middle,19,693,476,79.33333333333333,8.73529411764706
Arshdeep Singh,Powerplay,44,1495,1075,179.16666666666666,8.344186046511629
Ashok Sharma,Death,4,73,40,6.666666666666667,10.95
Ashok Sharma,Middle,2,91,65,10.833333333333334,8.4
Ashok Sharma,Powerplay,0,69,31,5.166666666666667,13.354838709677418
Ashwani Kumar,Death,3,57,31,5.166666666666667,11.032258064516128
Ashwani Kumar,Middle,10,189,121,20.166666666666668,9.37190082644628
Ashwani Kumar,Powerplay,4,90,44,7.333333333333333,12.272727272727273
Atharva Taide,Death,0,4,1,0.16666666666666666,24.0
Auqib Nabi,Middle,0,10,6,1.0,10.0
Auqib Nabi,Powerplay,0,141,78,13.0,10.846153846153847
Avesh Khan,Death,44,957,601,100.16666666666667,9.554076539101498
Avesh Khan,Middle,32,782,576,96.0,8.145833333333334
Avesh Khan,Powerplay,24,1036,663,110.5,9.375565610859729
Azhar Mahmood,Death,17,284,177,29.5,9.627118644067796
Azhar Mahmood,Middle,7,227,195,32.5,6.984615384615385
Azhar Mahmood,Powerplay,7,196,180,30.0,6.533333333333333
Azmatullah Omarzai,Death,4,95,54,9.0,10.555555555555555
Azmatullah Omarzai,Middle,6,150,103,17.166666666666668,8.737864077669903
Azmatullah Omarzai,Powerplay,5,334,212,35.333333333333336,9.452830188679245
B Akhil,Death,1,43,20,3.3333333333333335,12.899999999999999
B Akhil,Middle,5,173,148,24.666666666666668,7.013513513513513
B Akhil,Powerplay,1,30,25,4.166666666666667,7.199999999999999
B Chipli,Middle,0,20,6,1.0,20.0
B Geeves,Middle,1,41,24,4.0,10.25
B Geeves,Powerplay,1,50,25,4.166666666666667,12.0
B Kumar,Death,111,2196,1434,239.0,9.188284518828452
B Kumar,Middle,30,971,687,114.5,8.480349344978166
B Kumar,Powerplay,102,2878,2648,441.3333333333333,6.521148036253777
B Laughlin,Death,3,130,66,11.0,11.818181818181818
B Laughlin,Middle,4,93,76,12.666666666666666,7.342105263157895
B Laughlin,Powerplay,3,61,37,6.166666666666667,9.891891891891891
B Lee,Death,12,403,279,46.5,8.666666666666666
B Lee,Middle,6,139,125,20.833333333333332,6.672000000000001
B Lee,Powerplay,12,584,512,85.33333333333333,6.84375
B Muzarabani,Death,2,15,7,1.1666666666666667,12.857142857142856
B Muzarabani,Middle,3,24,19,3.1666666666666665,7.578947368421053
B Muzarabani,Powerplay,0,40,18,3.0,13.333333333333334
B Stanlake,Death,0,11,6,1.0,11.0
B Stanlake,Middle,5,78,55,9.166666666666666,8.50909090909091
B Stanlake,Powerplay,2,111,89,14.833333333333334,7.48314606741573
BA Bhatt,Death,2,68,47,7.833333333333333,8.680851063829788
BA Bhatt,Middle,7,213,147,24.5,8.693877551020408
BA Bhatt,Powerplay,4,127,109,18.166666666666668,6.990825688073394
BA Stokes,Death,12,285,174,29.0,9.827586206896552
BA Stokes,Middle,10,427,326,54.333333333333336,7.858895705521472
BA Stokes,Powerplay,9,311,223,37.166666666666664,8.367713004484305
BAW Mendis,Death,1,54,36,6.0,9.0
BAW Mendis,Middle,6,166,135,22.5,7.377777777777778
BAW Mendis,Powerplay,2,86,77,12.833333333333334,6.701298701298701
BB Sran,Death,7,111,75,12.5,8.88
BB Sran,Middle,7,286,185,30.833333333333332,9.275675675675677
BB Sran,Powerplay,6,370,256,42.666666666666664,8.671875
BCJ Cutting,Death,2,123,60,10.0,12.3
BCJ Cutting,Middle,10,224,172,28.666666666666668,7.813953488372093
BCJ Cutting,Powerplay,0,83,56,9.333333333333334,8.892857142857142
BE Hendricks,Death,7,67,43,7.166666666666667,9.348837209302324
BE Hendricks,Middle,3,54,44,7.333333333333333,7.363636363636364
BE Hendricks,Powerplay,1,118,70,11.666666666666666,10.114285714285716
BJ Dwarshuis,Death,1,17,6,1.0,17.0
BJ Dwarshuis,Middle,1,18,12,2.0,9.0
BJ Dwarshuis,Powerplay,0,16,8,1.3333333333333333,12.0
BJ Hodge,Death,0,11,6,1.0,11.0
BJ Hodge,Middle,18,217,177,29.5,7.3559322033898304
BJ Hodge,Powerplay,0,82,55,9.166666666666666,8.945454545454545
BJ Rohrer,Middle,0,12,7,1.1666666666666667,10.285714285714285
BMAJ Mendis,Middle,0,34,24,4.0,8.5
BMAJ Mendis,Powerplay,1,2,6,1.0,2.0
BW Hilfenhaus,Death,6,159,89,14.833333333333334,10.719101123595506
BW Hilfenhaus,Middle,4,78,49,8.166666666666666,9.551020408163266
BW Hilfenhaus,Powerplay,13,260,252,42.0,6.190476190476191
Basil Thampi,Death,16,305,162,27.0,11.296296296296296
Basil Thampi,Middle,8,289,198,33.0,8.757575757575758
Basil Thampi,Powerplay,2,268,179,29.833333333333332,8.983240223463687
Bipul Sharma,Death,0,52,17,2.8333333333333335,18.352941176470587
Bipul Sharma,Middle,14,385,296,49.333333333333336,7.8040540540540535
Bipul Sharma,Powerplay,8,144,123,20.5,7.024390243902439
Brijesh Sharma,Death,8,142,89,14.833333333333334,9.573033707865168
Brijesh Sharma,Middle,5,160,115,19.166666666666668,8.347826086956522
Brijesh Sharma,Powerplay,1,150,93,15.5,9.67741935483871
C Bosch,Death,3,72,46,7.666666666666667,9.391304347826086
C Bosch,Middle,9,131,95,15.833333333333334,8.273684210526316
C Bosch,Powerplay,2,50,30,5.0,10.0
C Ganapathy,Middle,0,13,6,1.0,13.0
C Green,Death,3,128,63,10.5,12.19047619047619
C Green,Middle,19,503,357,59.5,8.453781512605042
C Green,Powerplay,5,285,183,30.5,9.344262295081966
C Munro,Middle,0,15,12,2.0,7.5
C Nanda,Middle,1,54,44,7.333333333333333,7.363636363636364
C Nanda,Powerplay,1,4,6,1.0,4.0
C Sakariya,Death,8,198,119,19.833333333333332,9.983193277310924
C Sakariya,Middle,6,224,154,25.666666666666668,8.727272727272727
C Sakariya,Powerplay,6,227,206,34.333333333333336,6.6116504854368925
C de Grandhomme,Death,0,13,8,1.3333333333333333,9.75
C de Grandhomme,Middle,7,286,196,32.666666666666664,8.755102040816327
C de Grandhomme,Powerplay,0,24,26,4.333333333333333,5.538461538461539
CH Gayle,Death,8,174,117,19.5,8.923076923076923
CH Gayle,Middle,8,395,326,54.333333333333336,7.269938650306748
CH Gayle,Powerplay,3,186,141,23.5,7.914893617021277
CH Morris,Death,61,862,609,101.5,8.492610837438423
CH Morris,Middle,20,570,432,72.0,7.916666666666667
CH Morris,Powerplay,26,945,760,126.66666666666667,7.4605263157894735
CJ Anderson,Death,6,159,73,12.166666666666666,13.068493150684931
CJ Anderson,Middle,5,240,162,27.0,8.88888888888889
CJ Anderson,Powerplay,3,126,80,13.333333333333334,9.45
CJ Dala,Middle,0,17,12,2.0,8.5
CJ Dala,Powerplay,0,17,7,1.1666666666666667,14.571428571428571
CJ Green,Death,0,8,5,0.8333333333333334,9.6
CJ Green,Powerplay,0,16,12,2.0,8.0
CJ Jordan,Death,16,505,262,43.666666666666664,11.564885496183207
CJ Jordan,Middle,11,331,271,45.166666666666664,7.328413284132842
CJ Jordan,Powerplay,9,275,184,30.666666666666668,8.967391304347826
CJ McKay,Death,0,20,12,2.0,10.0
CJ McKay,Middle,1,14,18,3.0,4.666666666666667
CJ McKay,Powerplay,0,26,12,2.0,13.0
CK Kapugedera,Death,0,15,6,1.0,15.0
CK Kapugedera,Middle,0,34,11,1.8333333333333333,18.545454545454547
CK Langeveldt,Death,4,56,43,7.166666666666667,7.813953488372093
CK Langeveldt,Middle,3,44,32,5.333333333333333,8.25
CK Langeveldt,Powerplay,6,99,90,15.0,6.6
CL White,Middle,1,86,46,7.666666666666667,11.217391304347826
CR Brathwaite,Death,6,77,45,7.5,10.266666666666667
CR Brathwaite,Middle,9,271,184,30.666666666666668,8.83695652173913
CR Brathwaite,Powerplay,1,36,37,6.166666666666667,5.837837837837838
CR Woakes,Death,15,284,162,27.0,10.518518518518519
CR Woakes,Middle,7,126,107,17.833333333333332,7.065420560747664
CR Woakes,Powerplay,9,264,194,32.333333333333336,8.164948453608247
CRD Fernando,Death,7,120,78,13.0,9.23076923076923
CRD Fernando,Middle,5,86,83,13.833333333333334,6.216867469879518
CRD Fernando,Powerplay,7,100,88,14.666666666666666,6.818181818181818
CV Varun,Death,14,375,227,37.833333333333336,9.911894273127754
CV Varun,Middle,85,1786,1462,243.66666666666666,7.3296853625171
CV Varun,Powerplay,15,634,498,83.0,7.63855421686747
D Brevis,Death,1,8,3,0.5,16.0
D Ferreira,Death,0,16,6,1.0,16.0
D Ferreira,Middle,1,25,12,2.0,12.5
D Jansen,Death,1,24,15,2.5,9.6
D Jansen,Middle,0,13,6,1.0,13.0
D Jansen,Powerplay,0,16,7,1.1666666666666667,13.714285714285714
D Kalyankrishna,Middle,1,74,37,6.166666666666667,12.0
D Kalyankrishna,Powerplay,1,14,13,2.1666666666666665,6.461538461538462
D Madushanka,Middle,0,12,6,1.0,12.0
D Madushanka,Powerplay,1,24,22,3.6666666666666665,6.545454545454546
D Pretorius,Death,2,141,74,12.333333333333334,11.432432432432432
D Pretorius,Middle,5,101,92,15.333333333333334,6.58695652173913
D Salunkhe,Middle,1,80,51,8.5,9.411764705882353
D Wiese,Death,8,80,52,8.666666666666666,9.230769230769232
D Wiese,Middle,3,237,154,25.666666666666668,9.233766233766234
D Wiese,Powerplay,6,130,101,16.833333333333332,7.722772277227723
D du Preez,Death,0,16,7,1.1666666666666667,13.714285714285714
D du Preez,Middle,1,28,18,3.0,9.333333333333334
D du Preez,Powerplay,3,12,18,3.0,4.0
DA Payne,Middle,2,27,19,3.1666666666666665,8.526315789473685
DA Payne,Powerplay,0,43,12,2.0,21.5
DA Warner,Middle,0,2,2,0.3333333333333333,6.0
DAJ Bracewell,Death,2,10,6,1.0,10.0
DAJ Bracewell,Middle,1,15,13,2.1666666666666665,6.923076923076923
DAJ Bracewell,Powerplay,0,7,6,1.0,7.0
DB Ravi Teja,Middle,1,28,18,3.0,9.333333333333334
DE Bollinger,Death,26,268,216,36.0,7.444444444444445
DE Bollinger,Middle,6,44,45,7.5,5.866666666666666
DE Bollinger,Powerplay,11,404,339,56.5,7.150442477876106
DG Nalkande,Death,1,25,13,2.1666666666666665,11.53846153846154
DG Nalkande,Middle,5,103,63,10.5,9.80952380952381
DG Nalkande,Powerplay,0,22,13,2.1666666666666665,10.153846153846155
DJ Bravo,Death,115,1842,1179,196.5,9.374045801526718
DJ Bravo,Middle,70,2127,1713,285.5,7.450087565674256
DJ Bravo,Powerplay,22,467,404,67.33333333333333,6.935643564356436
DJ Harris,Death,0,10,6,1.0,10.0
DJ Harris,Middle,0,5,6,1.0,5.0
DJ Harris,Powerplay,0,11,6,1.0,11.0
DJ Hooda,Death,1,26,13,2.1666666666666665,12.0
DJ Hooda,Middle,6,401,274,45.666666666666664,8.78102189781022
DJ Hooda,Powerplay,3,123,104,17.333333333333332,7.096153846153847
DJ Hussey,Death,2,95,38,6.333333333333333,15.0
DJ Hussey,Middle,8,308,236,39.333333333333336,7.830508474576271
DJ Hussey,Powerplay,0,82,49,8.166666666666666,10.040816326530614
DJ Mitchell,Middle,1,77,45,7.5,10.266666666666667
DJ Mitchell,Powerplay,0,20,6,1.0,20.0
DJ Muthuswami,Death,1,1,6,1.0,1.0
DJ Muthuswami,Middle,0,8,6,1.0,8.0
DJ Muthuswami,Powerplay,3,99,72,12.0,8.25
DJ Thornely,Middle,3,40,44,7.333333333333333,5.454545454545455
DJ Willey,Death,2,43,26,4.333333333333333,9.923076923076923
DJ Willey,Middle,2,73,50,8.333333333333334,8.76
DJ Willey,Powerplay,3,161,145,24.166666666666668,6.662068965517241
DJG Sammy,Death,4,51,28,4.666666666666667,10.928571428571427
DJG Sammy,Middle,9,224,160,26.666666666666668,8.4
DJG Sammy,Powerplay,1,79,56,9.333333333333334,8.464285714285714
DJM Short,Middle,1,23,18,3.0,7.666666666666667
DL Chahar,Death,16,329,205,34.166666666666664,9.629268292682928
DL Chahar,Middle,7,303,218,36.333333333333336,8.339449541284402
DL Chahar,Powerplay,76,2258,1748,291.3333333333333,7.750572082379863
DL Vettori,Death,6,141,94,15.666666666666666,9.0
DL Vettori,Middle,23,611,546,91.0,6.714285714285714
DL Vettori,Powerplay,5,142,145,24.166666666666668,5.8758620689655165
DNT Zoysa,Death,1,34,20,3.3333333333333335,10.2
DNT Zoysa,Middle,1,13,6,1.0,13.0
DNT Zoysa,Powerplay,0,53,43,7.166666666666667,7.395348837209302
DP Nannes,Death,20,267,193,32.166666666666664,8.300518134715027
DP Nannes,Middle,1,167,121,20.166666666666668,8.28099173553719
DP Nannes,Powerplay,17,381,375,62.5,6.096
DP Vijaykumar,Death,1,55,31,5.166666666666667,10.64516129032258
DP Vijaykumar,Middle,0,24,24,4.0,6.0
DP Vijaykumar,Powerplay,3,126,104,17.333333333333332,7.26923076923077
DR Sams,Death,2,94,49,8.166666666666666,11.510204081632654
DR Sams,Middle,5,198,129,21.5,9.209302325581396
DR Sams,Powerplay,8,236,211,35.166666666666664,6.710900473933649
DR Smith,Death,4,88,42,7.0,12.571428571428571
DR Smith,Middle,17,553,404,67.33333333333333,8.212871287128714
DR Smith,Powerplay,6,184,111,18.5,9.945945945945946
DS Kulkarni,Death,20,454,282,47.0,9.659574468085106
DS Kulkarni,Middle,24,702,499,83.16666666666667,8.440881763527054
DS Kulkarni,Powerplay,47,1357,1095,182.5,7.435616438356164
DS Rathi,Death,3,132,78,13.0,10.153846153846153
DS Rathi,Middle,11,426,298,49.666666666666664,8.577181208053691
DS Rathi,Powerplay,5,276,185,30.833333333333332,8.951351351351352
DT Christian,Death,10,320,170,28.333333333333332,11.294117647058824
DT Christian,Middle,22,585,501,83.5,7.005988023952096
DT Christian,Powerplay,8,313,251,41.833333333333336,7.48207171314741
DW Steyn,Death,48,792,559,93.16666666666667,8.500894454382825
DW Steyn,Middle,20,544,503,83.83333333333333,6.489065606361829
DW Steyn,Powerplay,37,1247,1220,203.33333333333334,6.132786885245902
E Malinga,Death,11,159,109,18.166666666666668,8.75229357798165
E Malinga,Middle,16,338,231,38.5,8.779220779220779
E Malinga,Powerplay,8,257,176,29.333333333333332,8.761363636363637
F du Plessis,Middle,0,16,6,1.0,16.0
FA Allen,Middle,1,97,66,11.0,8.818181818181818
FA Allen,Powerplay,1,39,25,4.166666666666667,9.36
FH Edwards,Death,2,75,48,8.0,9.375
FH Edwards,Middle,0,24,20,3.3333333333333335,7.199999999999999
FH Edwards,Powerplay,4,61,82,13.666666666666666,4.463414634146342
FY Fazal,Middle,1,20,12,2.0,10.0
Fazalhaq Farooqi,Death,1,124,52,8.666666666666666,14.307692307692308
Fazalhaq Farooqi,Middle,2,108,70,11.666666666666666,9.257142857142858
Fazalhaq Farooqi,Powerplay,3,208,144,24.0,8.666666666666666
G Coetzee,Death,6,106,65,10.833333333333334,9.784615384615384
G Coetzee,Middle,6,250,148,24.666666666666668,10.135135135135135
G Coetzee,Powerplay,3,134,79,13.166666666666666,10.177215189873419
GB Hogg,Death,6,112,81,13.5,8.296296296296296
GB Hogg,Middle,13,388,305,50.833333333333336,7.632786885245901
GB Hogg,Powerplay,6,85,80,13.333333333333334,6.375
GC Viljoen,Death,1,78,32,5.333333333333333,14.625
GC Viljoen,Middle,4,96,77,12.833333333333334,7.48051948051948
GC Viljoen,Powerplay,3,55,37,6.166666666666667,8.91891891891892
GD McGrath,Death,2,104,67,11.166666666666666,9.313432835820896
GD McGrath,Middle,3,35,30,5.0,7.0
GD McGrath,Powerplay,9,227,232,38.666666666666664,5.870689655172415
GD Phillips,Middle,1,36,25,4.166666666666667,8.639999999999999
GD Phillips,Powerplay,1,4,6,1.0,4.0
GF Linde,Middle,1,43,31,5.166666666666667,8.32258064516129
GF Linde,Powerplay,0,12,6,1.0,12.0
GH Vihari,Middle,0,10,12,2.0,5.0
GH Vihari,Powerplay,1,38,31,5.166666666666667,7.354838709677419
GHS Garton,Death,1,12,12,2.0,6.0
GHS Garton,Middle,1,16,19,3.1666666666666665,5.052631578947369
GHS Garton,Powerplay,1,108,66,11.0,9.818181818181818
GJ Maxwell,Death,3,37,27,4.5,8.222222222222221
GJ Maxwell,Middle,26,931,677,112.83333333333333,8.251107828655835
GJ Maxwell,Powerplay,16,454,343,57.166666666666664,7.941690962099126
GR Napier,Middle,1,25,18,3.0,8.333333333333334
GR Napier,Powerplay,0,3,6,1.0,3.0
GS Sandhu,Death,1,50,24,4.0,12.5
GS Sandhu,Middle,0,29,18,3.0,9.666666666666666
GS Sandhu,Powerplay,0,7,6,1.0,7.0
Gagandeep Singh,Death,1,56,18,3.0,18.666666666666668
Gagandeep Singh,Middle,2,79,60,10.0,7.9
Gagandeep Singh,Powerplay,0,7,6,1.0,7.0
Gulbadin Naib,Middle,0,12,6,1.0,12.0
Gurjapneet Singh,Death,2,51,34,5.666666666666667,9.0
Gurjapneet Singh,Middle,1,161,106,17.666666666666668,9.11320754716981
Gurjapneet Singh,Powerplay,1,21,19,3.1666666666666665,6.631578947368421
Gurkeerat Singh,Middle,5,74,63,10.5,7.0476190476190474
Gurkeerat Singh,Powerplay,0,23,19,3.1666666666666665,7.2631578947368425
Gurnoor Brar,Middle,0,24,8,1.3333333333333333,18.0
Gurnoor Brar,Powerplay,0,18,13,2.1666666666666665,8.307692307692308
H Sharma,Middle,0,54,24,4.0,13.5
H Sharma,Powerplay,0,8,6,1.0,8.0
HF Gurney,Death,3,108,50,8.333333333333334,12.959999999999999
HF Gurney,Middle,2,65,49,8.166666666666666,7.959183673469388
HF Gurney,Powerplay,2,66,70,11.666666666666666,5.6571428571428575
HH Pandya,Death,26,490,239,39.833333333333336,12.301255230125522
HH Pandya,Middle,43,1456,1065,177.5,8.20281690140845
HH Pandya,Powerplay,19,856,561,93.5,9.155080213903743
HR Shokeen,Middle,3,214,133,22.166666666666668,9.654135338345863
HR Shokeen,Powerplay,2,106,80,13.333333333333334,7.949999999999999
HV Patel,Death,82,1216,763,127.16666666666667,9.562254259501966
HV Patel,Middle,68,1806,1337,222.83333333333334,8.104712041884817
HV Patel,Powerplay,18,779,554,92.33333333333333,8.436823104693142
Harbhajan Singh,Death,20,258,184,30.666666666666668,8.41304347826087
Harbhajan Singh,Middle,95,2659,2243,373.8333333333333,7.112795363352653
Harbhajan Singh,Powerplay,46,1184,1069,178.16666666666666,6.645463049579046
Harmeet Singh,Death,9,143,104,17.333333333333332,8.25
Harmeet Singh,Middle,15,438,348,58.0,7.551724137931035
Harmeet Singh,Powerplay,7,166,122,20.333333333333332,8.163934426229508
Harpreet Brar,Death,3,93,51,8.5,10.941176470588236
Harpreet Brar,Middle,28,691,550,91.66666666666667,7.538181818181818
Harpreet Brar,Powerplay,6,373,274,45.666666666666664,8.167883211678832
Harsh Dubey,Death,5,43,30,5.0,8.6
Harsh Dubey,Middle,6,167,102,17.0,9.823529411764707
Harsh Dubey,Powerplay,2,118,68,11.333333333333334,10.411764705882353
Harshit Rana,Death,11,229,141,23.5,9.74468085106383
Harshit Rana,Middle,12,329,217,36.166666666666664,9.096774193548388
Harshit Rana,Powerplay,19,489,321,53.5,9.14018691588785
I Malhotra,Middle,0,23,6,1.0,23.0
I Sharma,Death,21,663,373,62.166666666666664,10.664879356568365
I Sharma,Middle,16,812,533,88.83333333333333,9.140712945590995
I Sharma,Powerplay,63,1990,1640,273.3333333333333,7.2804878048780495
I Udana,Death,2,88,56,9.333333333333334,9.428571428571429
I Udana,Middle,4,88,63,10.5,8.380952380952381
I Udana,Powerplay,2,110,63,10.5,10.476190476190476
IC Pandey,Death,1,50,25,4.166666666666667,12.0
IC Pandey,Middle,5,156,127,21.166666666666668,7.37007874015748
IC Pandey,Powerplay,13,403,317,52.833333333333336,7.62776025236593
IC Porel,Middle,1,16,13,2.1666666666666665,7.384615384615385
IC Porel,Powerplay,0,26,13,2.1666666666666665,12.0
IK Pathan,Death,39,626,407,67.83333333333333,9.22850122850123
IK Pathan,Middle,26,895,676,112.66666666666667,7.94378698224852
IK Pathan,Powerplay,34,1190,1030,171.66666666666666,6.932038834951457
IS Sodhi,Death,0,6,1,0.16666666666666666,36.0
IS Sodhi,Middle,7,147,133,22.166666666666668,6.63157894736842
IS Sodhi,Powerplay,2,51,48,8.0,6.375
Imran Tahir,Death,23,297,211,35.166666666666664,8.445497630331754
Imran Tahir,Middle,55,1239,983,163.83333333333334,7.562563580874873
Imran Tahir,Powerplay,8,193,146,24.333333333333332,7.931506849315069
Iqbal Abdulla,Death,4,103,68,11.333333333333334,9.088235294117647
Iqbal Abdulla,Middle,24,666,540,90.0,7.4
Iqbal Abdulla,Powerplay,17,356,335,55.833333333333336,6.376119402985075
Ishan Kishan,Death,0,4,1,0.16666666666666666,24.0
J Botha,Death,7,100,72,12.0,8.333333333333334
J Botha,Middle,16,438,409,68.16666666666667,6.425427872860635
J Botha,Powerplay,4,280,228,38.0,7.368421052631579
J Little,Death,2,85,51,8.5,10.0
J Little,Middle,7,118,93,15.5,7.612903225806452
J Little,Powerplay,4,138,92,15.333333333333334,9.0
J Overton,Death,4,96,57,9.5,10.105263157894736
J Overton,Middle,10,155,119,19.833333333333332,7.815126050420169
J Overton,Powerplay,0,87,41,6.833333333333333,12.731707317073171
J Suchith,Death,1,27,12,2.0,13.5
J Suchith,Middle,14,400,285,47.5,8.421052631578947
J Suchith,Powerplay,5,177,137,22.833333333333332,7.751824817518249
J Syed Mohammad,Death,0,6,6,1.0,6.0
J Syed Mohammad,Middle,9,259,166,27.666666666666668,9.36144578313253
J Syed Mohammad,Powerplay,1,21,24,4.0,5.25
J Theron,Death,5,131,95,15.833333333333334,8.273684210526316
J Theron,Middle,5,71,65,10.833333333333334,6.553846153846154
J Theron,Powerplay,3,109,75,12.5,8.72
J Yadav,Middle,5,215,208,34.666666666666664,6.2019230769230775
J Yadav,Powerplay,4,232,190,31.666666666666668,7.326315789473684
JA Duffy,Death,0,35,16,2.6666666666666665,13.125
JA Duffy,Middle,3,67,50,8.333333333333334,8.04
JA Duffy,Powerplay,6,164,90,15.0,10.933333333333334
JA Morkel,Death,37,474,307,51.166666666666664,9.26384364820847
JA Morkel,Middle,21,565,493,82.16666666666667,6.876267748478702
JA Morkel,Powerplay,38,1370,1007,167.83333333333334,8.162859980139027
JA Richardson,Death,1,27,13,2.1666666666666665,12.461538461538462
JA Richardson,Middle,2,81,50,8.333333333333334,9.719999999999999
JA Richardson,Powerplay,0,54,31,5.166666666666667,10.451612903225806
JC Archer,Death,31,830,496,82.66666666666667,10.04032258064516
JC Archer,Middle,21,443,373,62.166666666666664,7.126005361930295
JC Archer,Powerplay,38,948,789,131.5,7.2091254752851714
JD Ryder,Death,2,40,20,3.3333333333333335,12.0
JD Ryder,Middle,8,244,189,31.5,7.746031746031746
JD Ryder,Powerplay,1,30,32,5.333333333333333,5.625
JD Unadkat,Death,57,1095,591,98.5,11.116751269035532
JD Unadkat,Middle,36,1240,896,149.33333333333334,8.303571428571429
JD Unadkat,Powerplay,32,1206,931,155.16666666666666,7.772287862513427
JDP Oram,Death,8,111,76,12.666666666666666,8.763157894736842
JDP Oram,Middle,1,73,49,8.166666666666666,8.938775510204083
JDP Oram,Powerplay,4,178,119,19.833333333333332,8.974789915966387
JDS Neesham,Death,0,18,6,1.0,18.0
JDS Neesham,Middle,5,218,147,24.5,8.89795918367347
JDS Neesham,Powerplay,3,106,69,11.5,9.217391304347826
JE Root,Middle,0,8,6,1.0,8.0
JE Root,Powerplay,0,7,6,1.0,7.0
JE Taylor,Death,6,96,53,8.833333333333334,10.867924528301886
JE Taylor,Middle,0,20,18,3.0,6.666666666666667
JE Taylor,Powerplay,0,51,51,8.5,6.0
JEC Franklin,Death,1,19,6,1.0,19.0
JEC Franklin,Middle,7,176,130,21.666666666666668,8.123076923076923
JEC Franklin,Powerplay,1,30,19,3.1666666666666665,9.473684210526317
JH Kallis,Death,26,511,315,52.5,9.733333333333333
JH Kallis,Middle,24,1006,798,133.0,7.56390977443609
JH Kallis,Powerplay,24,831,686,114.33333333333333,7.2682215743440235
JJ Bumrah,Death,99,1795,1313,218.83333333333334,8.202589489718202
JJ Bumrah,Middle,62,1184,1063,177.16666666666666,6.6829727187206025
JJ Bumrah,Powerplay,47,1603,1416,236.0,6.7923728813559325
JJ van der Wath,Death,2,49,24,4.0,12.25
JJ van der Wath,Middle,1,44,19,3.1666666666666665,13.894736842105264
JJ van der Wath,Powerplay,0,41,33,5.5,7.454545454545454
JL Pattinson,Death,3,48,28,4.666666666666667,10.285714285714285
JL Pattinson,Middle,4,124,87,14.5,8.551724137931034
JL Pattinson,Powerplay,4,149,107,17.833333333333332,8.355140186915888
JM Kemp,Death,0,1,1,0.16666666666666666,6.0
JM Kemp,Middle,3,42,40,6.666666666666667,6.3
JM Kemp,Powerplay,0,15,6,1.0,15.0
JO Holder,Death,28,428,280,46.666666666666664,9.171428571428573
JO Holder,Middle,35,733,563,93.83333333333333,7.811722912966252
JO Holder,Powerplay,13,620,442,73.66666666666667,8.416289592760181
JP Behrendorff,Death,8,103,51,8.5,12.117647058823529
JP Behrendorff,Middle,3,123,83,13.833333333333334,8.891566265060241
JP Behrendorff,Powerplay,11,337,245,40.833333333333336,8.253061224489796
JP Duminy,Death,3,67,39,6.5,10.307692307692308
JP Duminy,Middle,15,509,433,72.16666666666667,7.05311778290993
JP Duminy,Powerplay,5,271,229,38.166666666666664,7.100436681222708
JP Faulkner,Death,38,649,400,66.66666666666667,9.735
JP Faulkner,Middle,19,654,463,77.16666666666667,8.475161987041036
JP Faulkner,Powerplay,19,546,424,70.66666666666667,7.726415094339622
JPR Scantlebury-Searles,Middle,2,65,31,5.166666666666667,12.580645161290322
JPR Scantlebury-Searles,Powerplay,0,24,14,2.3333333333333335,10.285714285714285
JR Hazlewood,Death,24,476,297,49.5,9.616161616161616
JR Hazlewood,Middle,17,364,247,41.166666666666664,8.842105263157896
JR Hazlewood,Powerplay,32,885,670,111.66666666666667,7.925373134328358
JR Hopes,Death,4,160,89,14.833333333333334,10.786516853932584
JR Hopes,Middle,9,358,238,39.666666666666664,9.025210084033613
JR Hopes,Powerplay,1,44,42,7.0,6.285714285714286
JW Hastings,Death,1,9,10,1.6666666666666667,5.3999999999999995
JW Hastings,Middle,1,7,12,2.0,3.5
JW Hastings,Powerplay,1,50,39,6.5,7.6923076923076925
Jalaj S Saxena,Middle,0,17,12,2.0,8.5
Jalaj S Saxena,Powerplay,0,10,6,1.0,10.0
Jaskaran Singh,Death,3,59,27,4.5,13.11111111111111
Jaskaran Singh,Middle,1,40,25,4.166666666666667,9.6
Jaskaran Singh,Powerplay,2,75,59,9.833333333333334,7.627118644067796
Joginder Sharma,Death,3,89,49,8.166666666666666,10.89795918367347
Joginder Sharma,Middle,10,242,170,28.333333333333332,8.541176470588235
Joginder Sharma,Powerplay,0,90,53,8.833333333333334,10.188679245283017
K Goel,Middle,0,89,61,10.166666666666666,8.754098360655739
K Goel,Powerplay,0,5,6,1.0,5.0
K Gowtham,Death,0,29,12,2.0,14.5
K Gowtham,Middle,11,380,288,48.0,7.916666666666667
K Gowtham,Powerplay,11,416,299,49.833333333333336,8.347826086956522
K Kartikeya,Death,0,40,20,3.3333333333333335,12.0
K Kartikeya,Middle,10,306,213,35.5,8.619718309859154
K Kartikeya,Powerplay,2,66,57,9.5,6.947368421052632
K Khejroliya,Death,3,67,34,5.666666666666667,11.823529411764705
K Khejroliya,Middle,2,122,80,13.333333333333334,9.15
K Khejroliya,Powerplay,1,92,49,8.166666666666666,11.26530612244898
K Rabada,Death,60,926,593,98.83333333333333,9.369308600337268
K Rabada,Middle,39,864,642,107.0,8.074766355140186
K Rabada,Powerplay,58,1657,1160,193.33333333333334,8.570689655172414
K Santokie,Death,1,46,19,3.1666666666666665,14.526315789473685
K Santokie,Middle,1,14,12,2.0,7.0
K Santokie,Powerplay,1,31,20,3.3333333333333335,9.299999999999999
K Upadhyay,Middle,0,22,19,3.1666666666666665,6.947368421052632
K Upadhyay,Powerplay,0,59,37,6.166666666666667,9.567567567567567
K Yadav,Death,2,28,12,2.0,14.0
K Yadav,Middle,0,27,18,3.0,9.0
K Yadav,Powerplay,0,30,24,4.0,7.5
KA Jamieson,Death,3,88,43,7.166666666666667,12.27906976744186
KA Jamieson,Middle,5,124,78,13.0,9.538461538461538
KA Jamieson,Powerplay,8,296,194,32.333333333333336,9.154639175257731
KA Maharaj,Middle,2,31,30,5.0,6.2
KA Maharaj,Powerplay,0,8,6,1.0,8.0
KA Pollard,Death,22,425,247,41.166666666666664,10.323886639676115
KA Pollard,Middle,56,1645,1229,204.83333333333334,8.030919446704637
KA Pollard,Powerplay,3,130,110,18.333333333333332,7.090909090909092
KAJ Roach,Death,0,44,19,3.1666666666666665,13.894736842105264
KAJ Roach,Middle,0,3,7,1.1666666666666667,2.571428571428571
KAJ Roach,Powerplay,0,33,26,4.333333333333333,7.615384615384616
KC Cariappa,Death,0,11,6,1.0,11.0
KC Cariappa,Middle,7,206,142,23.666666666666668,8.704225352112676
KC Cariappa,Powerplay,1,132,76,12.666666666666666,10.421052631578949
KH Pandya,Death,17,180,125,20.833333333333332,8.64
KH Pandya,Middle,71,2245,1826,304.3333333333333,7.376779846659365
KH Pandya,Powerplay,23,1026,828,138.0,7.434782608695652
KJ Abbott,Death,0,37,19,3.1666666666666665,11.68421052631579
KJ Abbott,Middle,2,72,39,6.5,11.076923076923077
KJ Abbott,Powerplay,0,73,44,7.333333333333333,9.954545454545455
KK Ahmed,Death,39,709,410,68.33333333333333,10.375609756097562
KK Ahmed,Middle,16,415,296,49.333333333333336,8.412162162162161
KK Ahmed,Powerplay,41,1397,1035,172.5,8.09855072463768
KK Cooper,Death,19,372,256,42.666666666666664,8.71875
KK Cooper,Middle,12,289,229,38.166666666666664,7.572052401746725
KK Cooper,Powerplay,5,128,115,19.166666666666668,6.678260869565217
KL Nagarkoti,Death,1,21,19,3.1666666666666665,6.631578947368421
KL Nagarkoti,Middle,4,221,135,22.5,9.822222222222223
KL Nagarkoti,Powerplay,0,45,31,5.166666666666667,8.709677419354838
KM Asif,Death,0,36,15,2.5,14.4
KM Asif,Middle,2,109,71,11.833333333333334,9.211267605633802
KM Asif,Powerplay,5,87,57,9.5,9.157894736842104
KMA Paul,Death,4,69,41,6.833333333333333,10.097560975609756
KMA Paul,Middle,6,137,125,20.833333333333332,6.5760000000000005
KMA Paul,Powerplay,0,33,14,2.3333333333333335,14.142857142857142
KMDN Kulasekara,Death,2,32,30,5.0,6.4
KMDN Kulasekara,Middle,0,8,6,1.0,8.0
KMDN Kulasekara,Powerplay,4,82,71,11.833333333333334,6.929577464788732
KP Appanna,Middle,11,263,202,33.666666666666664,7.811881188118813
KP Appanna,Powerplay,0,28,20,3.3333333333333335,8.4
KP Pietersen,Death,1,29,18,3.0,9.666666666666666
KP Pietersen,Middle,6,147,117,19.5,7.538461538461538
KP Pietersen,Powerplay,2,42,45,7.5,5.6
KR Mayers,Middle,0,16,7,1.1666666666666667,13.714285714285714
KR Mayers,Powerplay,0,43,39,6.5,6.615384615384615
KR Sen,Death,4,114,53,8.833333333333334,12.90566037735849
KR Sen,Middle,6,191,140,23.333333333333332,8.185714285714287
KR Sen,Powerplay,4,91,62,10.333333333333334,8.806451612903226
KS Williamson,Middle,0,24,12,2.0,12.0
KS Williamson,Powerplay,0,7,6,1.0,7.0
KT Maphaka,Death,0,34,14,2.3333333333333335,14.571428571428571
KT Maphaka,Middle,0,31,14,2.3333333333333335,13.285714285714285
KT Maphaka,Powerplay,2,83,43,7.166666666666667,11.581395348837209
KV Sharma,Death,6,135,68,11.333333333333334,11.911764705882351
KV Sharma,Middle,68,1785,1242,207.0,8.623188405797102
KV Sharma,Powerplay,15,343,301,50.166666666666664,6.837209302325582
KW Richardson,Death,9,167,91,15.166666666666666,11.010989010989011
KW Richardson,Middle,2,112,74,12.333333333333334,9.08108108108108
KW Richardson,Powerplay,10,200,180,30.0,6.666666666666667
Kamran Khan,Death,5,59,36,6.0,9.833333333333334
Kamran Khan,Middle,3,49,44,7.333333333333333,6.681818181818182
Kamran Khan,Powerplay,6,140,97,16.166666666666668,8.65979381443299
Karanveer Singh,Death,4,38,19,3.1666666666666665,12.0
Karanveer Singh,Middle,8,233,158,26.333333333333332,8.848101265822786
Karanveer Singh,Powerplay,2,52,36,6.0,8.666666666666666
Karim Janat,Middle,0,30,6,1.0,30.0
Kartik Tyagi,Death,16,349,206,34.333333333333336,10.16504854368932
Kartik Tyagi,Middle,10,451,312,52.0,8.673076923076923
Kartik Tyagi,Powerplay,9,424,257,42.833333333333336,9.898832684824901
Krish Bhagat,Death,0,20,12,2.0,10.0
Krish Bhagat,Middle,0,15,6,1.0,15.0
Krish Bhagat,Powerplay,0,28,18,3.0,9.333333333333334
Kuldeep Yadav,Death,22,296,213,35.5,8.338028169014084
Kuldeep Yadav,Middle,89,2591,1883,313.8333333333333,8.255974508762613
Kuldeep Yadav,Powerplay,5,302,240,40.0,7.55
L Ablish,Death,3,4,7,1.1666666666666667,3.4285714285714284
L Ablish,Middle,1,46,26,4.333333333333333,10.615384615384617
L Ablish,Powerplay,1,26,12,2.0,13.0
L Balaji,Death,35,740,439,73.16666666666667,10.11389521640091
L Balaji,Middle,33,758,612,102.0,7.431372549019608
L Balaji,Powerplay,17,585,523,87.16666666666667,6.711281070745698
L Ngidi,Death,22,307,206,34.333333333333336,8.941747572815533
L Ngidi,Middle,10,250,188,31.333333333333332,7.9787234042553195
L Ngidi,Powerplay,14,326,251,41.833333333333336,7.792828685258963
L Wood,Death,0,45,14,2.3333333333333335,19.285714285714285
L Wood,Middle,1,23,12,2.0,11.5
L Wood,Powerplay,0,26,12,2.0,13.0
LA Carseldine,Powerplay,1,6,7,1.1666666666666667,5.142857142857142
LB Williams,Middle,1,18,13,2.1666666666666665,8.307692307692308
LB Williams,Powerplay,0,56,29,4.833333333333333,11.586206896551724
LE Plunkett,Death,2,59,43,7.166666666666667,8.232558139534884
LE Plunkett,Middle,1,72,55,9.166666666666666,7.854545454545455
LE Plunkett,Powerplay,1,97,56,9.333333333333334,10.392857142857142
LH Ferguson,Death,18,550,307,51.166666666666664,10.749185667752444
LH Ferguson,Middle,24,625,475,79.16666666666667,7.894736842105263
LH Ferguson,Powerplay,22,524,366,61.0,8.59016393442623
LI Meriwala,Middle,1,4,6,1.0,4.0
LI Meriwala,Powerplay,0,28,13,2.1666666666666665,12.923076923076923
LJ Wright,Death,0,16,5,0.8333333333333334,19.2
LJ Wright,Middle,2,97,64,10.666666666666666,9.09375
LJ Wright,Powerplay,0,12,6,1.0,12.0
LMP Simmons,Death,0,8,6,1.0,8.0
LMP Simmons,Middle,1,26,12,2.0,13.0
LPC Silva,Death,0,21,6,1.0,21.0
LR Shukla,Death,8,105,68,11.333333333333334,9.26470588235294
LR Shukla,Middle,9,292,218,36.333333333333336,8.036697247706421
LR Shukla,Powerplay,0,61,40,6.666666666666667,9.15
LRPL Taylor,Middle,0,24,13,2.1666666666666665,11.076923076923078
LS Livingstone,Death,0,18,13,2.1666666666666665,8.307692307692308
LS Livingstone,Middle,12,409,271,45.166666666666664,9.055350553505535
LS Livingstone,Powerplay,1,44,37,6.166666666666667,7.135135135135135
Lalit Yadav,Death,1,22,13,2.1666666666666665,10.153846153846155
Lalit Yadav,Middle,8,241,171,28.5,8.456140350877194
Lalit Yadav,Powerplay,2,167,110,18.333333333333332,9.10909090909091
M Ashwin,Death,6,95,77,12.833333333333334,7.402597402597403
M Ashwin,Middle,23,850,626,104.33333333333333,8.146964856230033
M Ashwin,Powerplay,6,237,195,32.5,7.292307692307692
M Jansen,Death,12,253,137,22.833333333333332,11.08029197080292
M Jansen,Middle,14,564,374,62.333333333333336,9.048128342245988
M Jansen,Powerplay,21,855,570,95.0,9.0
M Kartik,Death,6,122,88,14.666666666666666,8.318181818181818
M Kartik,Middle,22,983,802,133.66666666666666,7.354114713216958
M Kartik,Powerplay,11,313,292,48.666666666666664,6.431506849315069
M Manhas,Middle,0,42,42,7.0,6.0
M Markande,Death,1,46,30,5.0,9.2
M Markande,Middle,28,913,599,99.83333333333333,9.145242070116861
M Markande,Powerplay,8,198,139,23.166666666666668,8.546762589928058
M Morkel,Death,34,531,346,57.666666666666664,9.208092485549134
M Morkel,Middle,15,450,364,60.666666666666664,7.417582417582418
M Morkel,Powerplay,39,1155,989,164.83333333333334,7.007077856420627
M Muralitharan,Death,14,226,162,27.0,8.37037037037037
M Muralitharan,Middle,48,1242,1122,187.0,6.641711229946524
M Muralitharan,Powerplay,5,297,297,49.5,6.0
M Ntini,Death,3,48,31,5.166666666666667,9.29032258064516
M Ntini,Middle,0,27,24,4.0,6.75
M Ntini,Powerplay,5,182,158,26.333333333333332,6.9113924050632916
M Pathirana,Death,37,493,351,58.5,8.427350427350428
M Pathirana,Middle,16,554,436,72.66666666666667,7.623853211009174
M Pathirana,Powerplay,0,9,10,1.6666666666666667,5.3999999999999995
M Prasidh Krishna,Death,40,874,498,83.0,10.53012048192771
M Prasidh Krishna,Middle,36,789,599,99.83333333333333,7.903171953255426
M Prasidh Krishna,Powerplay,22,992,740,123.33333333333333,8.043243243243243
M Shahrukh Khan,Death,0,7,6,1.0,7.0
M Shahrukh Khan,Middle,1,22,12,2.0,11.0
M Siddharth,Death,2,28,13,2.1666666666666665,12.923076923076923
M Siddharth,Middle,5,120,84,14.0,8.571428571428571
M Siddharth,Powerplay,2,137,96,16.0,8.5625
M Theekshana,Death,11,142,107,17.833333333333332,7.962616822429907
M Theekshana,Middle,15,628,469,78.16666666666667,8.03411513859275
M Theekshana,Powerplay,10,456,326,54.333333333333336,8.392638036809815
M Tiwari,Death,2,22,13,2.1666666666666665,10.153846153846155
M Tiwari,Middle,2,74,54,9.0,8.222222222222221
M Tiwari,Powerplay,0,9,8,1.3333333333333333,6.75
M Vijay,Middle,0,36,24,4.0,9.0
M Vijay,Powerplay,0,13,13,2.1666666666666665,6.0
M de Lange,Death,3,60,32,5.333333333333333,11.25
M de Lange,Middle,1,29,19,3.1666666666666665,9.157894736842106
M de Lange,Powerplay,2,82,65,10.833333333333334,7.569230769230769
MA Khote,Death,1,24,12,2.0,12.0
MA Khote,Middle,1,28,18,3.0,9.333333333333334
MA Starc,Death,47,506,337,56.166666666666664,9.008902077151335
MA Starc,Middle,13,254,196,32.666666666666664,7.775510204081633
MA Starc,Powerplay,31,1053,731,121.83333333333333,8.642954856361149
MA Wood,Death,6,92,45,7.5,12.266666666666667
MA Wood,Middle,2,59,50,8.333333333333334,7.079999999999999
MA Wood,Powerplay,3,41,32,5.333333333333333,7.6875
MB Parmar,Middle,0,19,12,2.0,9.5
MB Parmar,Powerplay,0,14,7,1.1666666666666667,12.0
MC Henriques,Death,3,76,49,8.166666666666666,9.306122448979593
MC Henriques,Middle,28,840,617,102.83333333333333,8.168557536466775
MC Henriques,Powerplay,15,386,313,52.166666666666664,7.399361022364218
MD Shanaka,Death,0,6,6,1.0,6.0
MD Shanaka,Middle,1,43,26,4.333333333333333,9.923076923076923
MD Shanaka,Powerplay,0,13,6,1.0,13.0
MF Maharoof,Death,10,137,87,14.5,9.448275862068966
MF Maharoof,Middle,9,146,145,24.166666666666668,6.041379310344827
MF Maharoof,Powerplay,14,249,209,34.833333333333336,7.148325358851674
MG Bracewell,Middle,1,68,36,6.0,11.333333333333334
MG Bracewell,Powerplay,5,27,30,5.0,5.4
MG Johnson,Death,28,420,275,45.833333333333336,9.163636363636364
MG Johnson,Middle,10,482,363,60.5,7.966942148760331
MG Johnson,Powerplay,28,838,663,110.5,7.583710407239819
MG Neser,Death,0,33,12,2.0,16.5
MG Neser,Middle,0,11,7,1.1666666666666667,9.428571428571429
MG Neser,Powerplay,0,18,6,1.0,18.0
MJ Clarke,Middle,3,60,54,9.0,6.666666666666667
MJ Clarke,Powerplay,0,12,12,2.0,6.0
MJ Henry,Death,3,20,12,2.0,10.0
MJ Henry,Middle,0,86,39,6.5,13.23076923076923
MJ Henry,Powerplay,2,208,115,19.166666666666668,10.852173913043478
MJ McClenaghan,Death,28,502,322,53.666666666666664,9.354037267080745
MJ McClenaghan,Middle,15,437,321,53.5,8.16822429906542
MJ McClenaghan,Powerplay,32,900,703,117.16666666666667,7.681365576102418
MJ Santner,Death,4,50,32,5.333333333333333,9.375
MJ Santner,Middle,21,515,445,74.16666666666667,6.943820224719101
MJ Santner,Powerplay,6,305,227,37.833333333333336,8.061674008810572
MJ Suthar,Death,0,30,13,2.1666666666666665,13.846153846153847
MJ Suthar,Middle,2,33,18,3.0,11.0
MJ Suthar,Powerplay,0,31,19,3.1666666666666665,9.789473684210527
MK Lomror,Middle,1,98,70,11.666666666666666,8.4
MK Lomror,Powerplay,1,29,24,4.0,7.25
MK Tiwary,Death,1,28,13,2.1666666666666665,12.923076923076923
MK Tiwary,Middle,0,55,32,5.333333333333333,10.3125
MM Ali,Death,2,22,20,3.3333333333333335,6.6
MM Ali,Middle,38,852,691,115.16666666666667,7.397973950795947
MM Ali,Powerplay,6,162,158,26.333333333333332,6.151898734177215
MM Patel,Death,23,451,253,42.166666666666664,10.695652173913045
MM Patel,Middle,25,425,368,61.333333333333336,6.929347826086956
MM Patel,Powerplay,34,857,761,126.83333333333333,6.756898817345598
MM Sharma,Death,72,1260,750,125.0,10.08
MM Sharma,Middle,35,1015,760,126.66666666666667,8.013157894736842
MM Sharma,Powerplay,42,1262,961,160.16666666666666,7.879292403746098
MN Samuels,Death,3,87,47,7.833333333333333,11.106382978723405
MN Samuels,Middle,4,117,92,15.333333333333334,7.630434782608695
MN Samuels,Powerplay,3,81,80,13.333333333333334,6.074999999999999
MP Stoinis,Death,15,358,165,27.5,13.018181818181818
MP Stoinis,Middle,21,897,575,95.83333333333333,9.360000000000001
MP Stoinis,Powerplay,12,320,235,39.166666666666664,8.170212765957448
MP Yadav,Death,1,49,25,4.166666666666667,11.76
MP Yadav,Middle,6,198,125,20.833333333333332,9.504000000000001
MP Yadav,Powerplay,3,124,80,13.333333333333334,9.299999999999999
MR Marsh,Death,10,202,103,17.166666666666668,11.766990291262134
MR Marsh,Middle,20,403,332,55.333333333333336,7.283132530120482
MR Marsh,Powerplay,7,198,158,26.333333333333332,7.518987341772152
MS Gony,Death,5,152,81,13.5,11.25925925925926
MS Gony,Middle,15,400,303,50.5,7.920792079207921
MS Gony,Powerplay,19,765,541,90.16666666666667,8.484288354898336
MW Short,Middle,0,9,7,1.1666666666666667,7.7142857142857135
MW Short,Powerplay,0,55,38,6.333333333333333,8.68421052631579
Mandeep Singh,Middle,0,26,12,2.0,13.0
Mashrafe Mortaza,Death,1,33,15,2.5,13.2
Mashrafe Mortaza,Powerplay,0,26,13,2.1666666666666665,12.0
Mayank Dagar,Death,0,10,5,0.8333333333333334,12.0
Mayank Dagar,Middle,1,149,109,18.166666666666668,8.20183486238532
Mayank Dagar,Powerplay,1,46,24,4.0,11.5
Mohammad Asif,Death,5,91,51,8.5,10.705882352941176
Mohammad Asif,Middle,1,69,54,9.0,7.666666666666667
Mohammad Asif,Powerplay,3,147,94,15.666666666666666,9.382978723404255
Mohammad Hafeez,Middle,2,63,57,9.5,6.631578947368421
Mohammad Hafeez,Powerplay,0,8,6,1.0,8.0
Mohammad Nabi,Death,2,25,15,2.5,10.0
Mohammad Nabi,Middle,6,289,206,34.333333333333336,8.41747572815534
Mohammad Nabi,Powerplay,7,213,198,33.0,6.454545454545454
Mohammed Shami,Death,70,1152,639,106.5,10.816901408450704
Mohammed Shami,Middle,27,916,630,105.0,8.723809523809523
Mohammed Shami,Powerplay,65,2234,1766,294.3333333333333,7.590033975084938
Mohammed Siraj,Death,49,1153,715,119.16666666666667,9.675524475524474
Mohammed Siraj,Middle,21,702,523,87.16666666666667,8.053537284894837
Mohammed Siraj,Powerplay,62,2149,1596,266.0,8.078947368421053
Mohit Rathee,Middle,0,29,12,2.0,14.5
Mohsin Khan,Death,10,249,150,25.0,9.96
Mohsin Khan,Middle,12,226,181,30.166666666666668,7.49171270718232
Mohsin Khan,Powerplay,16,458,347,57.833333333333336,7.919308357348703
Monu Kumar,Middle,0,13,8,1.3333333333333333,9.75
Monu Kumar,Powerplay,0,7,8,1.3333333333333333,5.25
Mujeeb Ur Rahman,Death,5,95,52,8.666666666666666,10.961538461538462
Mujeeb Ur Rahman,Middle,11,321,245,40.833333333333336,7.861224489795918
Mujeeb Ur Rahman,Powerplay,5,210,168,28.0,7.5
Mukesh Choudhary,Death,4,142,71,11.833333333333334,12.0
Mukesh Choudhary,Middle,5,120,82,13.666666666666666,8.78048780487805
Mukesh Choudhary,Powerplay,17,518,359,59.833333333333336,8.657381615598885
Mukesh Kumar,Death,21,501,252,42.0,11.928571428571429
Mukesh Kumar,Middle,16,353,221,36.833333333333336,9.583710407239819
Mukesh Kumar,Powerplay,15,621,406,67.66666666666667,9.177339901477833
Musheer Khan,Middle,1,27,12,2.0,13.5
Mustafizur Rahman,Death,38,826,539,89.83333333333333,9.194805194805195
Mustafizur Rahman,Middle,17,474,383,63.833333333333336,7.425587467362924
Mustafizur Rahman,Powerplay,19,579,497,82.83333333333333,6.9899396378269625
N Burger,Death,5,74,63,10.5,7.0476190476190474
N Burger,Middle,5,150,86,14.333333333333334,10.465116279069766
N Burger,Powerplay,11,393,234,39.0,10.076923076923077
N Rana,Death,2,27,24,4.0,6.75
N Rana,Middle,8,229,155,25.833333333333332,8.864516129032259
N Rana,Powerplay,1,70,44,7.333333333333333,9.545454545454545
N Thushara,Death,2,96,60,10.0,9.6
N Thushara,Middle,0,44,34,5.666666666666667,7.764705882352941
N Thushara,Powerplay,7,149,104,17.333333333333332,8.596153846153847
N Wadhera,Death,0,9,5,0.8333333333333334,10.799999999999999
N Wadhera,Middle,0,6,6,1.0,6.0
N Wadhera,Powerplay,0,7,6,1.0,7.0
NA Saini,Death,0,23,7,1.1666666666666667,19.71428571428571
NA Saini,Middle,0,12,8,1.3333333333333333,9.0
NB Singh,Powerplay,1,18,25,4.166666666666667,4.319999999999999
ND Doshi,Death,1,1,6,1.0,1.0
ND Doshi,Middle,0,46,33,5.5,8.363636363636363
ND Doshi,Powerplay,1,32,18,3.0,10.666666666666666
NJ Rimmington,Middle,0,6,6,1.0,6.0
NJ Rimmington,Powerplay,0,14,12,2.0,7.0
NL McCullum,Middle,0,23,18,3.0,7.666666666666667
NL McCullum,Powerplay,0,12,12,2.0,6.0
NLTC Perera,Death,20,360,196,32.666666666666664,11.020408163265307
NLTC Perera,Middle,9,387,281,46.833333333333336,8.263345195729537
NLTC Perera,Powerplay,8,284,238,39.666666666666664,7.159663865546219
NM Coulter-Nile,Death,22,357,235,39.166666666666664,9.114893617021277
NM Coulter-Nile,Middle,14,312,259,43.166666666666664,7.2277992277992285
NM Coulter-Nile,Powerplay,16,456,398,66.33333333333333,6.874371859296483
NT Ellis,Death,6,188,99,16.5,11.393939393939394
NT Ellis,Middle,9,237,176,29.333333333333332,8.079545454545455
NT Ellis,Powerplay,5,128,115,19.166666666666668,6.678260869565217
Naman Dhir,Death,1,2,6,1.0,2.0
Naman Dhir,Middle,0,68,41,6.833333333333333,9.951219512195122
Naman Dhir,Powerplay,0,6,6,1.0,6.0
Navdeep Saini,Death,12,244,164,27.333333333333332,8.926829268292684
Navdeep Saini,Middle,4,306,207,34.5,8.869565217391305
Navdeep Saini,Powerplay,10,456,330,55.0,8.290909090909091
Naveen-ul-Haq,Death,11,234,148,24.666666666666668,9.486486486486486
Naveen-ul-Haq,Middle,9,136,114,19.0,7.157894736842105
Naveen-ul-Haq,Powerplay,6,232,145,24.166666666666668,9.6
Nithish Kumar Reddy,Death,6,56,30,5.0,11.2
Nithish Kumar Reddy,Middle,8,347,212,35.333333333333336,9.820754716981131
Nithish Kumar Reddy,Powerplay,3,178,107,17.833333333333332,9.981308411214954
Noor Ahmad,Death,9,119,89,14.833333333333334,8.02247191011236
Noor Ahmad,Middle,43,1165,871,145.16666666666666,8.025258323765787
Noor Ahmad,Powerplay,10,247,181,30.166666666666668,8.187845303867404
O Thomas,Death,2,18,14,2.3333333333333335,7.7142857142857135
O Thomas,Middle,1,9,12,2.0,4.5
O Thomas,Powerplay,2,58,37,6.166666666666667,9.405405405405405
OC McCoy,Death,8,97,71,11.833333333333334,8.197183098591548
OC McCoy,Middle,3,134,85,14.166666666666666,9.458823529411765
OC McCoy,Powerplay,0,24,24,4.0,6.0
OF Smith,Death,4,46,20,3.3333333333333335,13.799999999999999
OF Smith,Middle,2,102,50,8.333333333333334,12.239999999999998
OF Smith,Powerplay,1,31,25,4.166666666666667,7.4399999999999995
P Amarnath,Death,0,21,6,1.0,21.0
P Amarnath,Middle,7,198,114,19.0,10.421052631578947
P Amarnath,Powerplay,0,22,12,2.0,11.0
P Awana,Death,15,286,165,27.5,10.4
P Awana,Middle,12,335,290,48.333333333333336,6.93103448275862
P Awana,Powerplay,16,425,319,53.166666666666664,7.993730407523511
P Dubey,Middle,2,104,67,11.166666666666666,9.313432835820896
P Dubey,Powerplay,0,8,12,2.0,4.0
P Kumar,Death,39,856,516,86.0,9.953488372093023
P Kumar,Middle,15,594,397,66.16666666666667,8.977329974811083
P Kumar,Powerplay,48,1892,1724,287.3333333333333,6.5846867749419955
P Negi,Death,8,73,45,7.5,9.733333333333333
P Negi,Middle,26,707,540,90.0,7.855555555555555
P Negi,Powerplay,4,174,148,24.666666666666668,7.0540540540540535
P Parameswaran,Death,5,58,35,5.833333333333333,9.942857142857143
P Parameswaran,Middle,2,90,74,12.333333333333334,7.297297297297297
P Parameswaran,Powerplay,2,78,50,8.333333333333334,9.36
P Prasanth,Middle,0,18,6,1.0,18.0
P Ray Barman,Middle,0,50,18,3.0,16.666666666666668
P Ray Barman,Powerplay,0,6,6,1.0,6.0
P Sahu,Middle,3,124,87,14.5,8.551724137931034
P Sahu,Powerplay,0,28,20,3.3333333333333335,8.4
P Suyal,Death,0,25,13,2.1666666666666665,11.53846153846154
P Suyal,Middle,1,19,20,3.3333333333333335,5.7
P Suyal,Powerplay,1,110,74,12.333333333333334,8.91891891891892
PC Valthaty,Death,2,20,14,2.3333333333333335,8.571428571428571
PC Valthaty,Middle,4,178,133,22.166666666666668,8.030075187969924
PC Valthaty,Powerplay,1,9,6,1.0,9.0
PD Collingwood,Death,3,14,17,2.8333333333333335,4.941176470588235
PD Collingwood,Middle,2,87,73,12.166666666666666,7.1506849315068495
PH Solanki,Death,1,15,12,2.0,7.5
PH Solanki,Middle,1,18,18,3.0,6.0
PH Solanki,Powerplay,0,6,6,1.0,6.0
PHKD Mendis,Middle,2,60,42,7.0,8.571428571428571
PJ Cummins,Death,25,685,398,66.33333333333333,10.326633165829147
PJ Cummins,Middle,33,824,645,107.5,7.665116279069768
PJ Cummins,Powerplay,32,1237,840,140.0,8.835714285714285
PJ Sangwan,Death,5,178,96,16.0,11.125
PJ Sangwan,Middle,19,464,353,58.833333333333336,7.886685552407932
PJ Sangwan,Powerplay,20,625,456,76.0,8.223684210526315
PM Sarvesh Kumar,Middle,1,25,18,3.0,8.333333333333334
PM Sarvesh Kumar,Powerplay,0,17,13,2.1666666666666665,7.846153846153847
PP Chawla,Death,29,441,269,44.833333333333336,9.836431226765798
PP Chawla,Middle,140,3810,2885,480.8333333333333,7.923743500866552
PP Chawla,Powerplay,32,928,741,123.5,7.51417004048583
PP Hinge,Death,4,62,40,6.666666666666667,9.299999999999999
PP Hinge,Middle,4,119,58,9.666666666666666,12.310344827586208
PP Hinge,Powerplay,6,126,70,11.666666666666666,10.8
PP Ojha,Death,20,267,178,29.666666666666668,9.0
PP Ojha,Middle,62,1609,1329,221.5,7.264108352144469
PP Ojha,Powerplay,17,523,438,73.0,7.164383561643835
PR Veer,Middle,0,7,6,1.0,7.0
PR Veer,Powerplay,0,18,6,1.0,18.0
PV Tambe,Death,1,75,36,6.0,12.5
PV Tambe,Middle,23,619,504,84.0,7.369047619047619
PV Tambe,Powerplay,4,172,134,22.333333333333332,7.701492537313433
PVD Chameera,Death,6,195,105,17.5,11.142857142857142
PVD Chameera,Middle,2,114,87,14.5,7.862068965517241
PVD Chameera,Powerplay,7,349,228,38.0,9.18421052631579
PVSN Raju,Death,2,29,16,2.6666666666666665,10.875
PVSN Raju,Middle,0,12,6,1.0,12.0
PVSN Raju,Powerplay,0,13,7,1.1666666666666667,11.142857142857142
PWA Mulder,Middle,0,16,6,1.0,16.0
PWH de Silva,Death,8,70,56,9.333333333333334,7.499999999999999
PWH de Silva,Middle,31,929,644,107.33333333333333,8.655279503105591
PWH de Silva,Powerplay,8,135,108,18.0,7.5
Pankaj Singh,Death,1,102,45,7.5,13.6
Pankaj Singh,Middle,2,133,81,13.5,9.851851851851851
Pankaj Singh,Powerplay,8,237,185,30.833333333333332,7.686486486486487
Parvez Rasool,Middle,2,166,122,20.333333333333332,8.163934426229508
Parvez Rasool,Powerplay,2,107,78,13.0,8.23076923076923
Prince Yadav,Death,6,203,112,18.666666666666668,10.875
Prince Yadav,Middle,12,290,216,36.0,8.055555555555555
Prince Yadav,Powerplay,7,202,147,24.5,8.244897959183673
R Ashwin,Death,22,509,348,58.0,8.775862068965518
R Ashwin,Middle,127,3417,2918,486.3333333333333,7.0260452364633315
R Ashwin,Powerplay,56,1795,1602,267.0,6.722846441947565
R Bhatia,Death,20,234,163,27.166666666666668,8.613496932515337
R Bhatia,Middle,58,1674,1372,228.66666666666666,7.320699708454811
R Bhatia,Powerplay,4,151,126,21.0,7.190476190476191
R Dhawan,Death,4,137,80,13.333333333333334,10.275
R Dhawan,Middle,16,500,396,66.0,7.575757575757576
R Dhawan,Powerplay,7,285,217,36.166666666666664,7.880184331797236
R Goyal,Middle,0,34,24,4.0,8.5
R McLaren,Death,6,135,76,12.666666666666666,10.657894736842106
R McLaren,Middle,4,182,119,19.833333333333332,9.176470588235295
R McLaren,Powerplay,4,241,177,29.5,8.169491525423728
R Ninan,Middle,2,56,30,5.0,11.2
R Ninan,Powerplay,1,9,6,1.0,9.0
R Parag,Death,0,18,7,1.1666666666666667,15.428571428571427
R Parag,Middle,7,382,243,40.5,9.432098765432098
R Parag,Powerplay,4,116,84,14.0,8.285714285714286
R Powell,Death,0,14,7,1.1666666666666667,12.0
R Powell,Middle,1,21,14,2.3333333333333335,9.0
R Rampaul,Death,4,86,49,8.166666666666666,10.53061224489796
R Rampaul,Middle,2,51,49,8.166666666666666,6.244897959183674
R Rampaul,Powerplay,11,182,180,30.0,6.066666666666666
R Ravindra,Middle,0,7,12,2.0,3.5
R Sai Kishore,Death,5,103,54,9.0,11.444444444444445
R Sai Kishore,Middle,27,533,374,62.333333333333336,8.550802139037433
R Sai Kishore,Powerplay,1,65,49,8.166666666666666,7.959183673469388
R Sanjay Yadav,Middle,0,15,8,1.3333333333333333,11.25
R Sanjay Yadav,Powerplay,0,8,6,1.0,8.0
R Sathish,Death,1,40,13,2.1666666666666665,18.461538461538463
R Sathish,Middle,4,189,125,20.833333333333332,9.072000000000001
R Sathish,Powerplay,1,4,6,1.0,4.0
R Sharma,Death,2,119,78,13.0,9.153846153846153
R Sharma,Middle,36,810,701,116.83333333333333,6.932952924393724
R Sharma,Powerplay,4,171,156,26.0,6.576923076923077
R Shepherd,Death,6,165,65,10.833333333333334,15.23076923076923
R Shepherd,Middle,10,496,273,45.5,10.901098901098901
R Shepherd,Powerplay,3,58,43,7.166666666666667,8.093023255813954
R Shukla,Death,2,50,22,3.6666666666666665,13.636363636363637
R Shukla,Middle,1,79,47,7.833333333333333,10.085106382978724
R Shukla,Powerplay,4,88,61,10.166666666666666,8.655737704918034
R Tewatia,Death,4,28,26,4.333333333333333,6.461538461538462
R Tewatia,Middle,27,965,723,120.5,8.008298755186722
R Tewatia,Powerplay,5,124,117,19.5,6.358974358974359
R Vinay Kumar,Death,58,1022,598,99.66666666666667,10.254180602006688
R Vinay Kumar,Middle,33,938,684,114.0,8.228070175438596
R Vinay Kumar,Powerplay,36,1081,904,150.66666666666666,7.174778761061948
RA Bawa,Death,1,15,10,1.6666666666666667,9.0
RA Bawa,Middle,1,35,22,3.6666666666666665,9.545454545454545
RA Jadeja,Death,26,546,366,61.0,8.950819672131148
RA Jadeja,Middle,136,4096,3227,537.8333333333334,7.615742175395103
RA Jadeja,Powerplay,27,883,736,122.66666666666667,7.198369565217391
RA Shaikh,Powerplay,0,11,6,1.0,11.0
RA Tripathi,Middle,0,12,6,1.0,12.0
RD Chahar,Death,8,136,97,16.166666666666668,8.412371134020617
RD Chahar,Middle,59,1768,1364,227.33333333333334,7.777126099706744
RD Chahar,Powerplay,9,316,267,44.5,7.101123595505618
RE van der Merwe,Death,6,88,62,10.333333333333334,8.516129032258064
RE van der Merwe,Middle,15,347,335,55.833333333333336,6.214925373134328
RE van der Merwe,Powerplay,4,80,58,9.666666666666666,8.275862068965518
RG More,Death,0,17,11,1.8333333333333333,9.272727272727273
RG More,Middle,1,31,20,3.3333333333333335,9.299999999999999
RG More,Powerplay,0,15,6,1.0,15.0
RG Sharma,Death,2,52,31,5.166666666666667,10.064516129032258
RG Sharma,Middle,11,316,241,40.166666666666664,7.867219917012449
RG Sharma,Powerplay,3,94,77,12.833333333333334,7.324675324675324
RJ Gleeson,Death,0,22,16,2.6666666666666665,8.25
RJ Gleeson,Middle,1,49,31,5.166666666666667,9.483870967741934
RJ Gleeson,Powerplay,1,40,26,4.333333333333333,9.230769230769232
RJ Harris,Death,26,392,257,42.833333333333336,9.151750972762645
RJ Harris,Middle,7,194,147,24.5,7.918367346938775
RJ Harris,Powerplay,14,499,461,76.83333333333333,6.494577006507592
RJ Peterson,Death,0,20,6,1.0,20.0
RJ Peterson,Middle,3,40,30,5.0,8.0
RJ Peterson,Powerplay,0,10,12,2.0,5.0
RJW Topley,Death,2,57,25,4.166666666666667,13.68
RJW Topley,Middle,1,69,33,5.5,12.545454545454545
RJW Topley,Powerplay,2,96,67,11.166666666666666,8.597014925373134
RN ten Doeschate,Death,0,12,7,1.1666666666666667,10.285714285714285
RN ten Doeschate,Middle,3,82,76,12.666666666666666,6.473684210526316
RP Meredith,Death,11,204,113,18.833333333333332,10.831858407079647
RP Meredith,Middle,8,257,182,30.333333333333332,8.472527472527473
RP Meredith,Powerplay,2,160,120,20.0,8.0
RP Singh,Death,53,753,500,83.33333333333333,9.036000000000001
RP Singh,Middle,10,402,289,48.166666666666664,8.346020761245676
RP Singh,Powerplay,37,1262,1085,180.83333333333334,6.978801843317972
RR Bhatkal,Middle,0,15,6,1.0,15.0
RR Bhatkal,Powerplay,0,20,6,1.0,20.0
RR Bose,Powerplay,0,24,12,2.0,12.0
RR Powar,Death,1,20,12,2.0,10.0
RR Powar,Middle,6,278,221,36.833333333333336,7.547511312217194
RR Powar,Powerplay,8,240,210,35.0,6.857142857142857
RR Raje,Death,0,59,30,5.0,11.8
RR Raje,Middle,7,121,94,15.666666666666666,7.723404255319149
RR Raje,Powerplay,0,34,20,3.3333333333333335,10.2
RS Bopara,Death,2,61,36,6.0,10.166666666666666
RS Bopara,Middle,11,224,164,27.333333333333332,8.195121951219512
RS Bopara,Powerplay,0,16,13,2.1666666666666665,7.384615384615385
RS Gavaskar,Middle,0,8,6,1.0,8.0
RS Ghosh,Middle,1,24,18,3.0,8.0
RS Hangargekar,Death,1,16,15,2.5,6.4
RS Hangargekar,Middle,1,32,20,3.3333333333333335,9.6
RS Hangargekar,Powerplay,1,12,8,1.3333333333333333,9.0
RV Gomez,Death,1,20,6,1.0,20.0
RV Gomez,Middle,5,106,84,14.0,7.571428571428571
RV Gomez,Powerplay,0,4,7,1.1666666666666667,3.4285714285714284
RV Patel,Middle,0,22,20,3.3333333333333335,6.6
RW Price,Middle,0,13,6,1.0,13.0
RW Price,Powerplay,0,20,12,2.0,10.0
Raghu Sharma,Death,0,14,6,1.0,14.0
Raghu Sharma,Middle,1,103,72,12.0,8.583333333333334
Raghu Sharma,Powerplay,0,13,12,2.0,6.5
Ramandeep Singh,Death,4,39,30,5.0,7.8
Ramandeep Singh,Middle,3,56,36,6.0,9.333333333333334
Rashid Khan,Death,30,574,388,64.66666666666667,8.876288659793813
Rashid Khan,Middle,129,3148,2626,437.6666666666667,7.192688499619193
Rashid Khan,Powerplay,28,668,571,95.16666666666667,7.019264448336251
Rasikh Salam,Death,11,202,128,21.333333333333332,9.46875
Rasikh Salam,Middle,13,351,211,35.166666666666664,9.981042654028437
Rasikh Salam,Powerplay,6,266,178,29.666666666666668,8.96629213483146
Ravi Bishnoi,Death,9,210,109,18.166666666666668,11.559633027522935
Ravi Bishnoi,Middle,67,1878,1417,236.16666666666666,7.952011291460833
Ravi Bishnoi,Powerplay,13,434,331,55.166666666666664,7.8670694864048345
S Aravind,Death,14,194,124,20.666666666666668,9.387096774193548
S Aravind,Middle,13,305,208,34.666666666666664,8.798076923076923
S Aravind,Powerplay,21,558,456,76.0,7.342105263157895
S Badree,Middle,3,114,90,15.0,7.6
S Badree,Powerplay,8,215,173,28.833333333333332,7.456647398843931
S Dhawan,Middle,2,32,19,3.1666666666666665,10.105263157894738
S Dhawan,Powerplay,2,40,30,5.0,8.0
S Dube,Death,3,70,37,6.166666666666667,11.35135135135135
S Dube,Middle,4,217,125,20.833333333333332,10.416
S Gopal,Death,1,24,20,3.3333333333333335,7.199999999999999
S Gopal,Middle,42,1019,722,120.33333333333333,8.46814404432133
S Gopal,Powerplay,10,315,258,43.0,7.325581395348837
S Joseph,Middle,0,14,8,1.3333333333333333,10.5
S Joseph,Powerplay,0,37,22,3.6666666666666665,10.090909090909092
S Kaul,Death,29,542,358,59.666666666666664,9.083798882681565
S Kaul,Middle,19,595,457,76.16666666666667,7.811816192560174
S Kaul,Powerplay,15,635,423,70.5,9.00709219858156
S Kaushik,Death,0,50,18,3.0,16.666666666666668
S Kaushik,Middle,6,184,142,23.666666666666668,7.774647887323943
S Kaushik,Powerplay,0,70,50,8.333333333333334,8.399999999999999
S Ladda,Death,3,41,24,4.0,10.25
S Ladda,Middle,1,119,81,13.5,8.814814814814815
S Ladda,Powerplay,1,65,36,6.0,10.833333333333334
S Lamichhane,Death,0,19,6,1.0,19.0
S Lamichhane,Middle,9,162,121,20.166666666666668,8.033057851239668
S Lamichhane,Powerplay,5,116,84,14.0,8.285714285714286
S Midhun,Middle,0,29,13,2.1666666666666665,13.384615384615385
S Nadeem,Death,2,108,57,9.5,11.368421052631579
S Nadeem,Middle,37,1173,969,161.5,7.2631578947368425
S Nadeem,Powerplay,15,519,418,69.66666666666667,7.449760765550239
S Narwal,Death,2,33,12,2.0,16.5
S Narwal,Middle,0,61,26,4.333333333333333,14.076923076923078
S Narwal,Powerplay,4,109,75,12.5,8.72
S Rana,Death,0,2,4,0.6666666666666666,3.0
S Rana,Middle,0,16,12,2.0,8.0
S Randiv,Death,2,22,12,2.0,11.0
S Randiv,Middle,6,165,136,22.666666666666668,7.279411764705882
S Randiv,Powerplay,0,36,32,5.333333333333333,6.75
S Sandeep Warrier,Middle,0,30,26,4.333333333333333,6.923076923076923
S Sandeep Warrier,Powerplay,8,227,150,25.0,9.08
S Sreesanth,Death,7,212,111,18.5,11.45945945945946
S Sreesanth,Middle,7,259,194,32.333333333333336,8.010309278350515
S Sreesanth,Powerplay,29,750,642,107.0,7.009345794392523
S Sriram,Middle,0,49,18,3.0,16.333333333333332
S Tyagi,Death,0,32,13,2.1666666666666665,14.76923076923077
S Tyagi,Middle,1,29,27,4.5,6.444444444444445
S Tyagi,Powerplay,5,243,180,30.0,8.1
S Vidyut,Middle,1,22,13,2.1666666666666665,10.153846153846155
SA Abbott,Death,0,18,7,1.1666666666666667,15.428571428571427
SA Abbott,Middle,0,31,21,3.5,8.857142857142858
SA Abbott,Powerplay,1,55,31,5.166666666666667,10.64516129032258
SA Yadav,Powerplay,0,8,6,1.0,8.0
SB Bangar,Death,0,40,18,3.0,13.333333333333334
SB Bangar,Middle,3,151,98,16.333333333333332,9.244897959183675
SB Bangar,Powerplay,3,30,37,6.166666666666667,4.864864864864865
SB Jakati,Death,5,112,53,8.833333333333334,12.679245283018867
SB Jakati,Middle,37,1108,837,139.5,7.942652329749104
SB Jakati,Powerplay,8,254,211,35.166666666666664,7.222748815165877
SB Joshi,Death,0,4,1,0.16666666666666666,24.0
SB Joshi,Middle,1,78,54,9.0,8.666666666666666
SB Styris,Death,3,71,42,7.0,10.142857142857142
SB Styris,Middle,5,140,111,18.5,7.5675675675675675
SB Styris,Powerplay,1,67,69,11.5,5.826086956521739
SB Wagh,Death,1,27,16,2.6666666666666665,10.125
SB Wagh,Powerplay,4,120,92,15.333333333333334,7.826086956521739
SC Ganguly,Death,0,25,6,1.0,25.0
SC Ganguly,Middle,10,296,237,39.5,7.493670886075949
SC Ganguly,Powerplay,2,49,37,6.166666666666667,7.945945945945946
SC Kuggeleijn,Death,2,33,25,4.166666666666667,7.919999999999999
SC Kuggeleijn,Middle,0,23,13,2.1666666666666665,10.615384615384617
SC Kuggeleijn,Powerplay,0,15,12,2.0,7.5
SD Chitnis,Death,1,9,7,1.1666666666666667,7.7142857142857135
SD Chitnis,Middle,1,30,18,3.0,10.0
SD Chitnis,Powerplay,0,23,13,2.1666666666666665,10.615384615384617
SE Bond,Death,2,87,56,9.333333333333334,9.321428571428571
SE Bond,Middle,3,43,43,7.166666666666667,6.0
SE Bond,Powerplay,4,95,92,15.333333333333334,6.195652173913043
SE Rutherford,Death,0,2,5,0.8333333333333334,2.4
SE Rutherford,Middle,1,58,41,6.833333333333333,8.487804878048781
SH Johnson,Death,3,75,49,8.166666666666666,9.183673469387756
SH Johnson,Middle,3,106,63,10.5,10.095238095238095
SH Johnson,Powerplay,1,222,131,21.833333333333332,10.16793893129771
SJ Srivastava,Death,3,80,44,7.333333333333333,10.90909090909091
SJ Srivastava,Middle,7,153,120,20.0,7.65
SJ Srivastava,Powerplay,5,211,142,23.666666666666668,8.915492957746478
SK Raina,Death,8,148,102,17.0,8.705882352941176
SK Raina,Middle,19,849,700,116.66666666666667,7.277142857142857
SK Raina,Powerplay,3,142,128,21.333333333333332,6.65625
SK Trivedi,Death,20,345,220,36.666666666666664,9.40909090909091
SK Trivedi,Middle,41,1284,1076,179.33333333333334,7.159851301115241
SK Trivedi,Powerplay,12,315,261,43.5,7.241379310344827
SK Warne,Death,9,221,135,22.5,9.822222222222223
SK Warne,Middle,46,1108,970,161.66666666666666,6.853608247422681
SK Warne,Powerplay,5,136,118,19.666666666666668,6.915254237288135
SL Malinga,Death,104,1252,965,160.83333333333334,7.784455958549223
SL Malinga,Middle,43,1009,827,137.83333333333334,7.320435308343409
SL Malinga,Powerplay,41,1225,1182,197.0,6.218274111675127
SM Boland,Death,2,24,19,3.1666666666666665,7.578947368421053
SM Boland,Middle,0,10,6,1.0,10.0
SM Boland,Powerplay,1,22,18,3.0,7.333333333333333
SM Curran,Death,36,638,354,59.0,10.813559322033898
SM Curran,Middle,15,616,358,59.666666666666664,10.324022346368716
SM Curran,Powerplay,12,805,596,99.33333333333333,8.104026845637584
SM Harwood,Death,1,26,20,3.3333333333333335,7.8
SM Harwood,Middle,1,41,28,4.666666666666667,8.785714285714285
SM Harwood,Powerplay,1,7,19,3.1666666666666665,2.210526315789474
SM Pollock,Middle,3,66,54,9.0,7.333333333333333
SM Pollock,Powerplay,10,241,226,37.666666666666664,6.398230088495576
SMSM Senanayake,Death,1,15,12,2.0,7.5
SMSM Senanayake,Middle,4,85,54,9.0,9.444444444444445
SMSM Senanayake,Powerplay,4,111,129,21.5,5.162790697674419
SN Khan,Death,0,6,2,0.3333333333333333,18.0
SN Thakur,Death,53,1082,648,108.0,10.018518518518519
SN Thakur,Middle,43,1244,891,148.5,8.377104377104377
SN Thakur,Powerplay,31,1228,816,136.0,9.029411764705882
SP Narine,Death,72,1039,785,130.83333333333334,7.94140127388535
SP Narine,Middle,122,2816,2600,433.3333333333333,6.498461538461539
SP Narine,Powerplay,35,1524,1345,224.16666666666666,6.798513011152417
SPD Smith,Death,0,5,2,0.3333333333333333,15.0
SR Dubey,Death,2,46,28,4.666666666666667,9.857142857142856
SR Dubey,Powerplay,3,64,59,9.833333333333334,6.508474576271186
SR Tendulkar,Middle,0,59,37,6.166666666666667,9.567567567567567
SR Watson,Death,49,871,555,92.5,9.416216216216217
SR Watson,Middle,22,828,673,112.16666666666667,7.38187221396731
SR Watson,Powerplay,36,1043,909,151.5,6.884488448844884
SS Agarwal,Middle,1,31,18,3.0,10.333333333333334
SS Agarwal,Powerplay,0,11,6,1.0,11.0
SS Cottrell,Death,2,48,19,3.1666666666666665,15.157894736842106
SS Cottrell,Middle,0,21,20,3.3333333333333335,6.3
SS Cottrell,Powerplay,4,108,92,15.333333333333334,7.0434782608695645
SS Iyer,Death,0,7,6,1.0,7.0
SS Mishra,Death,1,12,10,1.6666666666666667,7.199999999999999
SS Mishra,Middle,1,43,29,4.833333333333333,8.896551724137932
SS Mishra,Powerplay,0,13,8,1.3333333333333333,9.75
SS Mundhe,Powerplay,1,6,7,1.1666666666666667,5.142857142857142
SS Sarkar,Death,1,8,7,1.1666666666666667,6.857142857142857
SS Sarkar,Middle,0,11,12,2.0,5.5
SS Sarkar,Powerplay,0,15,6,1.0,15.0
SSB Magala,Death,0,6,6,1.0,6.0
SSB Magala,Middle,1,18,19,3.1666666666666665,5.684210526315789
SSB Magala,Powerplay,0,28,12,2.0,14.0
ST Jayasuriya,Death,3,75,42,7.0,10.714285714285714
ST Jayasuriya,Middle,13,298,245,40.833333333333336,7.297959183673469
ST Jayasuriya,Powerplay,0,23,14,2.3333333333333335,9.857142857142856
STR Binny,Death,3,71,42,7.0,10.142857142857142
STR Binny,Middle,15,440,361,60.166666666666664,7.313019390581718
STR Binny,Powerplay,10,252,208,34.666666666666664,7.26923076923077
SW Tait,Death,14,182,134,22.333333333333332,8.149253731343284
SW Tait,Middle,5,161,122,20.333333333333332,7.918032786885246
SW Tait,Powerplay,7,325,278,46.333333333333336,7.014388489208633
SZ Mulani,Death,0,21,8,1.3333333333333333,15.75
SZ Mulani,Middle,0,15,12,2.0,7.5
SZ Mulani,Powerplay,0,21,13,2.1666666666666665,9.692307692307693
Sachin Baby,Death,2,4,4,0.6666666666666666,6.0
Sachin Baby,Middle,1,4,6,1.0,4.0
Sakib Hussain,Death,8,118,86,14.333333333333334,8.232558139534884
Sakib Hussain,Middle,5,155,114,19.0,8.157894736842104
Sakib Hussain,Powerplay,3,126,74,12.333333333333334,10.216216216216216
Sandeep Sharma,Death,63,1233,712,118.66666666666667,10.390449438202246
Sandeep Sharma,Middle,35,976,738,123.0,7.934959349593496
Sandeep Sharma,Powerplay,71,2150,1845,307.5,6.991869918699187
Shahbaz Ahmed,Death,5,46,31,5.166666666666667,8.903225806451612
Shahbaz Ahmed,Middle,19,731,454,75.66666666666667,9.66079295154185
Shahbaz Ahmed,Powerplay,3,306,190,31.666666666666668,9.663157894736841
Shahid Afridi,Death,2,21,19,3.1666666666666665,6.631578947368421
Shahid Afridi,Middle,5,167,123,20.5,8.146341463414634
Shahid Afridi,Powerplay,2,49,43,7.166666666666667,6.837209302325581
Shakib Al Hasan,Death,11,218,136,22.666666666666668,9.617647058823529
Shakib Al Hasan,Middle,36,945,777,129.5,7.297297297297297
Shakib Al Hasan,Powerplay,24,701,602,100.33333333333333,6.98671096345515
Shashank Singh,Death,1,28,12,2.0,14.0
Shashank Singh,Middle,4,107,75,12.5,8.56
Shashank Singh,Powerplay,0,6,6,1.0,6.0
Shivam Mavi,Death,15,310,184,30.666666666666668,10.108695652173912
Shivam Mavi,Middle,6,201,160,26.666666666666668,7.5375
Shivam Mavi,Powerplay,12,447,343,57.166666666666664,7.819241982507289
Shivam Sharma,Death,0,25,18,3.0,8.333333333333334
Shivam Sharma,Middle,4,138,90,15.0,9.2
Shivam Sharma,Powerplay,0,2,6,1.0,2.0
Shivang Kumar,Death,2,25,14,2.3333333333333335,10.714285714285714
Shivang Kumar,Middle,7,260,171,28.5,9.12280701754386
Shivang Kumar,Powerplay,2,91,55,9.166666666666666,9.927272727272728
Shoaib Ahmed,Death,0,20,6,1.0,20.0
Shoaib Ahmed,Middle,2,71,61,10.166666666666666,6.983606557377049
Shoaib Ahmed,Powerplay,3,63,36,6.0,10.5
Shoaib Akhtar,Powerplay,5,54,46,7.666666666666667,7.0434782608695645
Shoaib Malik,Death,0,19,10,1.6666666666666667,11.4
Shoaib Malik,Middle,2,68,48,8.0,8.5
Sikandar Raza,Middle,3,118,75,12.5,9.44
Sikandar Raza,Powerplay,0,28,13,2.1666666666666665,12.923076923076923
Simarjeet Singh,Death,1,52,27,4.5,11.555555555555555
Simarjeet Singh,Middle,5,140,90,15.0,9.333333333333334
Simarjeet Singh,Powerplay,6,219,139,23.166666666666668,9.453237410071942
Sohail Tanvir,Death,18,110,98,16.333333333333332,6.734693877551021
Sohail Tanvir,Middle,0,13,15,2.5,5.2
Sohail Tanvir,Powerplay,6,152,152,25.333333333333332,6.0
Sumit Kumar,Death,0,8,4,0.6666666666666666,12.0
Sumit Kumar,Middle,0,25,12,2.0,12.5
Sumit Kumar,Powerplay,0,5,6,1.0,5.0
Sunny Gupta,Middle,0,23,7,1.1666666666666667,19.71428571428571
Sunny Gupta,Powerplay,0,24,12,2.0,12.0
Suryansh Shedge,Middle,0,40,19,3.1666666666666665,12.631578947368421
Suyash Sharma,Death,2,69,51,8.5,8.117647058823529
Suyash Sharma,Middle,24,1009,674,112.33333333333333,8.98219584569733
Suyash Sharma,Powerplay,3,137,97,16.166666666666668,8.474226804123711
Swapnil Singh,Middle,2,130,86,14.333333333333334,9.069767441860465
Swapnil Singh,Powerplay,5,111,79,13.166666666666666,8.430379746835444
T Henderson,Death,0,28,18,3.0,9.333333333333334
T Henderson,Middle,1,13,18,3.0,4.333333333333333
T Natarajan,Death,48,943,561,93.5,10.085561497326204
T Natarajan,Middle,16,876,634,105.66666666666667,8.290220820189274
T Natarajan,Powerplay,19,592,436,72.66666666666667,8.146788990825687
T Shamsi,Death,0,30,12,2.0,15.0
T Shamsi,Middle,3,115,78,13.0,8.846153846153847
T Shamsi,Powerplay,0,40,30,5.0,8.0
T Stubbs,Middle,4,69,37,6.166666666666667,11.18918918918919
T Thushara,Death,6,75,41,6.833333333333333,10.975609756097562
T Thushara,Middle,0,26,33,5.5,4.7272727272727275
T Thushara,Powerplay,4,63,70,11.666666666666666,5.4
T Vijay,Powerplay,0,29,12,2.0,14.5
TA Boult,Death,59,1156,670,111.66666666666667,10.35223880597015
TA Boult,Middle,21,742,500,83.33333333333333,8.904
TA Boult,Powerplay,73,2096,1722,287.0,7.303135888501743
TG Southee,Death,24,597,350,58.333333333333336,10.234285714285713
TG Southee,Middle,12,309,244,40.666666666666664,7.5983606557377055
TG Southee,Powerplay,21,868,668,111.33333333333333,7.796407185628743
TH David,Middle,0,18,6,1.0,18.0
TK Curran,Death,7,211,100,16.666666666666668,12.659999999999998
TK Curran,Middle,5,154,108,18.0,8.555555555555555
TK Curran,Powerplay,1,67,44,7.333333333333333,9.136363636363637
TL Suman,Death,2,48,25,4.166666666666667,11.52
TL Suman,Middle,4,129,109,18.166666666666668,7.10091743119266
TL Suman,Powerplay,1,21,18,3.0,7.0
TM Dilshan,Death,0,25,13,2.1666666666666665,11.53846153846154
TM Dilshan,Middle,5,250,182,30.333333333333332,8.241758241758243
TM Dilshan,Powerplay,0,93,80,13.333333333333334,6.975
TM Head,Death,2,19,12,2.0,9.5
TM Head,Middle,2,97,46,7.666666666666667,12.652173913043478
TM Head,Powerplay,0,5,6,1.0,5.0
TP Sudhindra,Death,0,39,16,2.6666666666666665,14.625
TP Sudhindra,Middle,1,58,32,5.333333333333333,10.875
TP Sudhindra,Powerplay,0,40,26,4.333333333333333,9.230769230769232
TS Mills,Death,4,95,55,9.166666666666666,10.363636363636365
TS Mills,Middle,1,148,85,14.166666666666666,10.447058823529412
TS Mills,Powerplay,6,106,78,13.0,8.153846153846153
TU Deshpande,Death,28,577,323,53.833333333333336,10.718266253869968
TU Deshpande,Middle,14,522,319,53.166666666666664,9.818181818181818
TU Deshpande,Powerplay,18,800,552,92.0,8.695652173913043
Tejas Baroka,Middle,0,25,15,2.5,10.0
Tejas Baroka,Powerplay,0,8,6,1.0,8.0
Tilak Varma,Death,0,8,4,0.6666666666666666,12.0
Tilak Varma,Middle,0,7,7,1.1666666666666667,6.0
Tilak Varma,Powerplay,0,13,12,2.0,6.5
UT Yadav,Death,56,1144,656,109.33333333333333,10.463414634146343
UT Yadav,Middle,44,1231,910,151.66666666666666,8.116483516483518
UT Yadav,Powerplay,63,2067,1624,270.6666666666667,7.636699507389162
Umar Gul,Death,5,74,46,7.666666666666667,9.652173913043478
Umar Gul,Middle,4,79,59,9.833333333333334,8.033898305084746
Umar Gul,Powerplay,5,45,48,8.0,5.625
Umran Malik,Death,5,86,49,8.166666666666666,10.53061224489796
Umran Malik,Middle,24,531,389,64.83333333333333,8.190231362467866
Umran Malik,Powerplay,2,168,81,13.5,12.444444444444445
V Kaverappa,Powerplay,2,36,24,4.0,9.0
V Kohli,Death,1,38,14,2.3333333333333335,16.285714285714285
V Kohli,Middle,4,304,222,37.0,8.216216216216216
V Kohli,Powerplay,0,29,28,4.666666666666667,6.2142857142857135
V Nigam,Death,2,24,25,4.166666666666667,5.76
V Nigam,Middle,5,254,162,27.0,9.407407407407407
V Nigam,Powerplay,7,200,114,19.0,10.526315789473685
V Pratap Singh,Death,5,54,36,6.0,9.0
V Pratap Singh,Middle,4,102,69,11.5,8.869565217391305
V Pratap Singh,Powerplay,3,144,106,17.666666666666668,8.150943396226415
V Puthur,Death,0,24,13,2.1666666666666665,11.076923076923078
V Puthur,Middle,5,78,54,9.0,8.666666666666666
V Puthur,Powerplay,1,7,6,1.0,7.0
V Sehwag,Death,1,21,10,1.6666666666666667,12.6
V Sehwag,Middle,5,159,108,18.0,8.833333333333334
V Sehwag,Powerplay,0,56,20,3.3333333333333335,16.8
V Shankar,Death,2,42,38,6.333333333333333,6.631578947368421
V Shankar,Middle,9,254,182,30.333333333333332,8.373626373626374
V Shankar,Powerplay,1,48,38,6.333333333333333,7.578947368421053
V Viyaskanth,Middle,1,79,48,8.0,9.875
V Viyaskanth,Powerplay,0,11,12,2.0,5.5
VG Arora,Death,20,367,233,38.833333333333336,9.450643776824034
VG Arora,Middle,7,220,116,19.333333333333332,11.379310344827587
VG Arora,Powerplay,24,838,582,97.0,8.639175257731958
VR Aaron,Death,13,329,178,29.666666666666668,11.089887640449438
VR Aaron,Middle,14,549,409,68.16666666666667,8.053789731051344
VR Aaron,Powerplay,19,649,478,79.66666666666667,8.146443514644352
VR Iyer,Death,1,41,21,3.5,11.714285714285714
VR Iyer,Middle,2,104,63,10.5,9.904761904761905
VRV Singh,Death,11,157,105,17.5,8.971428571428572
VRV Singh,Middle,4,247,172,28.666666666666668,8.616279069767442
VRV Singh,Powerplay,1,145,94,15.666666666666666,9.25531914893617
VS Malik,Death,0,12,7,1.1666666666666667,10.285714285714285
VS Malik,Middle,1,61,50,8.333333333333334,7.319999999999999
VS Malik,Powerplay,5,195,155,25.833333333333332,7.548387096774194
VS Yeligati,Death,0,13,6,1.0,13.0
VS Yeligati,Middle,0,35,20,3.3333333333333335,10.5
VS Yeligati,Powerplay,0,13,6,1.0,13.0
VY Mahesh,Death,10,79,52,8.666666666666666,9.115384615384617
VY Mahesh,Middle,7,245,196,32.666666666666664,7.500000000000001
VY Mahesh,Powerplay,5,187,111,18.5,10.108108108108109
Vijaykumar Vyshak,Death,10,185,102,17.0,10.882352941176471
Vijaykumar Vyshak,Middle,17,530,331,55.166666666666664,9.60725075528701
Vijaykumar Vyshak,Powerplay,4,195,117,19.5,10.0
Vivrant Sharma,Middle,0,37,21,3.5,10.571428571428571
W O'Rourke,Death,2,30,14,2.3333333333333335,12.857142857142856
W O'Rourke,Middle,2,50,25,4.166666666666667,12.0
W O'Rourke,Powerplay,2,52,25,4.166666666666667,12.479999999999999
WA Mota,Death,0,37,13,2.1666666666666665,17.076923076923077
WA Mota,Middle,4,61,62,10.333333333333334,5.903225806451613
WD Parnell,Death,20,268,199,33.166666666666664,8.080402010050252
WD Parnell,Middle,4,210,166,27.666666666666668,7.590361445783132
WD Parnell,Powerplay,16,490,393,65.5,7.480916030534351
WG Jacks,Death,0,7,5,0.8333333333333334,8.4
WG Jacks,Middle,5,141,98,16.333333333333332,8.63265306122449
WG Jacks,Powerplay,5,167,100,16.666666666666668,10.02
WPUJC Vaas,Death,4,96,49,8.166666666666666,11.755102040816327
WPUJC Vaas,Middle,1,57,39,6.5,8.76923076923077
WPUJC Vaas,Powerplay,17,211,200,33.333333333333336,6.329999999999999
Washington Sundar,Death,2,92,47,7.833333333333333,11.74468085106383
Washington Sundar,Middle,26,802,657,109.5,7.324200913242009
Washington Sundar,Powerplay,14,637,482,80.33333333333333,7.929460580912863
XC Bartlett,Death,2,90,51,8.5,10.588235294117647
XC Bartlett,Middle,0,142,79,13.166666666666666,10.784810126582279
XC Bartlett,Powerplay,5,254,139,23.166666666666668,10.964028776978417
Y Gnaneswara Rao,Middle,0,7,6,1.0,7.0
Y Nagar,Middle,4,115,66,11.0,10.454545454545455
Y Nagar,Powerplay,0,10,6,1.0,10.0
Y Prithvi Raj,Middle,1,24,20,3.3333333333333335,7.199999999999999
Y Prithvi Raj,Powerplay,0,33,13,2.1666666666666665,15.230769230769232
Y Venugopal Rao,Death,1,42,18,3.0,14.0
Y Venugopal Rao,Middle,5,229,162,27.0,8.481481481481481
Y Venugopal Rao,Powerplay,1,67,42,7.0,9.571428571428571
YA Abdulla,Death,6,99,58,9.666666666666666,10.241379310344827
YA Abdulla,Middle,1,96,56,9.333333333333334,10.285714285714285
YA Abdulla,Powerplay,8,116,108,18.0,6.444444444444445
YBK Jaiswal,Death,0,6,1,0.16666666666666666,36.0
YK Pathan,Death,3,61,30,5.0,12.2
YK Pathan,Middle,27,913,718,119.66666666666667,7.6295264623955426
YK Pathan,Powerplay,16,469,436,72.66666666666667,6.454128440366972
YS Chahal,Death,41,638,398,66.33333333333333,9.618090452261308
YS Chahal,Middle,162,3823,2949,491.5,7.7782299084435405
YS Chahal,Powerplay,39,1040,820,136.66666666666666,7.609756097560976
Yash Dayal,Death,16,391,226,37.666666666666664,10.380530973451329
Yash Dayal,Middle,10,296,221,36.833333333333336,8.036199095022624
Yash Dayal,Powerplay,19,725,473,78.83333333333333,9.19661733615222
Yash Raj Punja,Death,1,5,6,1.0,5.0
Yash Raj Punja,Middle,7,215,148,24.666666666666668,8.716216216216216
Yash Raj Punja,Powerplay,1,61,32,5.333333333333333,11.4375
Yash Thakur,Death,17,309,180,30.0,10.3
Yash Thakur,Middle,5,315,188,31.333333333333332,10.053191489361703
Yash Thakur,Powerplay,8,213,133,22.166666666666668,9.609022556390977
Yudhvir Singh,Death,0,29,12,2.0,14.5
Yudhvir Singh,Middle,2,80,45,7.5,10.666666666666666
Yudhvir Singh,Powerplay,6,148,88,14.666666666666666,10.090909090909092
Yuvraj Singh,Death,6,97,67,11.166666666666666,8.686567164179104
Yuvraj Singh,Middle,30,895,725,120.83333333333333,7.406896551724138
Yuvraj Singh,Powerplay,3,99,90,15.0,6.6
Z Khan,Death,43,810,547,91.16666666666667,8.884826325411334
Z Khan,Middle,17,548,365,60.833333333333336,9.008219178082191
Z Khan,Powerplay,59,1502,1364,227.33333333333334,6.607038123167155
Zeeshan Ansari,Death,0,20,8,1.3333333333333333,15.0
Zeeshan Ansari,Middle,7,275,169,28.166666666666668,9.763313609467454
Zeeshan Ansari,Powerplay,1,39,32,5.333333333333333,7.3125
